lad25_code,lad25_name,lad_nmw,bng_e,bng_n,long_n,lat_n,global_id
E06000001,Hartlepool,,447161,531473,-1,55,"1fdf4842-ef98-44b3-b42a-2d6f63ef8715"
E06000002,Middlesbrough,,451141,516887,-1,55,"d437678a-50a7-4643-a5a2-62a4e1114a6e"
E06000003,"Redcar and Cleveland",,464330,519596,-1,55,"1f21ae23-7451-40a0-a38a-43e296357326"
E06000004,"Stockton on Tees",,444940,518179,-1,55,"6354091f-fe54-4ad6-8803-88f4147c7687"
E06000005,Darlington,,428029,515648,-2,55,"3b22b28b-a859-4138-9b8b-bb0b049fd63e"
E06000006,Halton,,354246,382146,-3,53,"84cc8ce3-69bc-4bc2-b3d9-11bf955f7e92"
E06000007,Warrington,,362744,388457,-3,53,"c3dcaf2a-31bf-4d53-a2ea-9e8b87f5373f"
E06000008,"Blackburn with Darwen",,369489,422806,-2,54,"826ba7ab-6b8f-4703-986d-3424b0be240b"
E06000009,Blackpool,,332817,436635,-3,54,"c8d923b6-13ba-4cc6-b2ed-5c113abc5f07"
E06000010,"Kingston upon Hull",,511892,431651,0,54,"335435d4-b9ff-4fa6-8b8f-05a02b9fbfbd"
E06000011,"East Riding of Yorkshire",,488056,443597,-1,54,"2e4ad7fb-bf76-42d5-806b-2345db6d5480"
E06000012,"North East Lincolnshire",,523465,404564,0,54,"88dc3dd7-5bdd-4586-aa3e-13bc0e7425ae"
E06000013,"North Lincolnshire",,497800,410993,-1,54,"6aee2eaf-330f-41f0-ac96-d7eb3bf2db37"
E06000014,York,,460863,452590,-1,54,"635843e4-7ae3-451f-b5a6-900d7456146e"
E06000015,Derby,,435611,335375,-1,53,"cc787140-599d-482f-9209-d635c5aea6e1"
E06000016,Leicester,,458946,304594,-1,53,"a118bc60-c872-45c1-b02d-61b36ca906b7"
E06000017,Rutland,,492992,308655,-1,53,"f7f20929-1efb-4d39-a118-d30127b9f4ad"
E06000018,Nottingham,,456082,339970,-1,53,"b68fea42-a6e2-4593-b283-ec65008bee5d"
E06000019,Herefordshire,,349434,242842,-3,52,"54b041a7-ac21-42c6-b9a6-e2972c967021"
E06000020,"Telford and Wrekin",,367035,313057,-2,53,"e351af60-bc0c-4743-a00b-24b8b74b0341"
E06000021,"Stoke on Trent",,389438,346650,-2,53,"026e23a5-c2a5-495c-bc3b-889bdb09e9bb"
E06000022,"Bath and North East Somerset",,366215,161999,-2,51,"d04c27b3-d6b9-4553-b755-98a770335744"
E06000023,Bristol,,359990,174844,-3,51,"ff921080-6da7-45e2-aa89-121d4a44e390"
E06000024,"North Somerset",,347614,166718,-3,51,"0013d22c-86c7-4984-b9fd-3eb830aaaf82"
E06000025,"South Gloucestershire",,367556,183197,-2,52,"3b74dcfe-a6b9-41e1-819e-e844b0ffa623"
E06000026,Plymouth,,249944,58255,-4,50,"4a4caec7-cf94-469a-afa9-5ea68ef9de66"
E06000027,Torbay,,289730,64613,-4,50,"ef58c3d9-af17-4406-b614-4319f79e98dd"
E06000030,Swindon,,418550,186565,-2,52,"ae8e3b9e-e914-4c48-9fcf-fdf6e104f858"
E06000031,Peterborough,,517372,300777,0,53,"fbceffa9-412b-4c1e-ad64-bdfafbbb5b78"
E06000032,Luton,,508606,222559,0,52,"491245a7-d342-4cab-8f10-cca85785eddd"
E06000033,"Southend on Sea",,587777,186837,1,52,"e084e997-2914-40d4-90fa-b459737eaa9b"
E06000034,Thurrock,,562124,181588,0,52,"81d1185b-47a0-445a-9d5c-c0ef0469eb86"
E06000035,Medway,,578207,175198,1,51,"d6e94eb3-751c-46e6-a5b6-739fd19d3c07"
E06000036,"Bracknell Forest",,488168,168791,-1,51,"0bb0df06-ee40-4be8-b500-134e368cd054"
E06000037,"West Berkshire",,450573,172095,-1,51,"a62161a8-f884-42bc-ad4a-12421eceb506"
E06000038,Reading,,470223,173153,-1,51,"c3b66f28-ef10-458b-9cbb-aff1f9544fe9"
E06000039,Slough,,498920,179246,-1,52,"a928bbb5-e82c-454c-bc40-ab0a098577d4"
E06000040,"Windsor and Maidenhead",,492079,176541,-1,51,"0ba130ba-f799-42c4-8101-646397cd7496"
E06000041,Wokingham,,476624,169903,-1,51,"fef545f1-3ee8-47fc-bda0-7ee56d4ba0cd"
E06000042,"Milton Keynes",,486408,242308,-1,52,"83d21279-2c58-4571-bc9b-a57a44f99933"
E06000043,"Brighton and Hove",,530278,106850,0,51,"be570260-7491-4675-be80-dd44b826f5da"
E06000044,Portsmouth,,465619,101352,-1,51,"f1a52514-d3a4-4f7d-94c6-72ebc504baab"
E06000045,Southampton,,442303,113700,-1,51,"f6132066-5d98-4ce5-932d-f5e1d834cc18"
E06000046,"Isle of Wight",,447183,85949,-1,51,"d47c343a-96b1-4ae6-b772-21bd264e881a"
E06000047,"County Durham",,410383,532242,-2,55,"84300014-5c80-44e4-a9d2-72a5f7bcf1d1"
E06000049,"Cheshire East",,380510,363462,-2,53,"3e774cb1-0bf4-4d70-8ed1-12b2d3b7c746"
E06000050,"Cheshire West and Chester",,353097,363145,-3,53,"63ce7561-aa85-42ed-84f7-f008f52f5003"
E06000051,Shropshire,,350227,302957,-3,53,"8c30fde5-a422-40a4-8629-14954373d25a"
E06000052,Cornwall,,212497,64493,-5,50,"7341471e-5a5d-439d-84ea-43904c6744a9"
E06000053,"Isles of Scilly",,91327,11447,-6,50,"8f313e01-2b92-4647-9504-894be4bca92b"
E06000054,Wiltshire,,405213,158862,-2,51,"52bd805b-a5c1-441a-b442-28effffe6ae0"
E06000055,Bedford,,505721,256463,0,52,"20c20776-deea-4dd1-a7b8-931d3d6c1a01"
E06000056,"Central Bedfordshire",,504615,234492,0,52,"3657e2de-871f-4ff5-bb8e-9353c0a6fc6f"
E06000057,Northumberland,,395323,600700,-2,55,"62aa9243-e76c-4a75-8f2b-05d0973824f5"
E06000058,"Bournemouth, Christchurch and Poole",,410815,94067,-2,51,"eaaf6800-a748-403f-a44b-d879a65d908a"
E06000059,Dorset,,370877,99796,-2,51,"e24de221-1b83-450c-a30b-6179e05e891d"
E06000060,Buckinghamshire,,482503,208562,-1,52,"bfcf952e-4296-4ca5-a7c0-e5c903945419"
E06000061,"North Northamptonshire",,493590,281719,-1,52,"8e755ce7-fa6e-4cd1-8cb2-4460dbec4453"
E06000062,"West Northamptonshire",,467187,263879,-1,52,"0913c8fd-dca6-4a47-bcc3-4efb7686cc1f"
E06000063,Cumberland,,315764,533086,-3,55,"a9b20a41-96aa-4498-8d63-a99bb2d727d0"
E06000064,"Westmorland and Furness",,353889,510941,-3,54,"1d7b3df0-bdc3-4e53-b754-ae9b1c33bed9"
E06000065,"North Yorkshire",,429508,466514,-2,54,"43fb16e5-0318-40d4-b37c-b7e2a7d26f8e"
E06000066,Somerset,,309294,131078,-3,51,"db4b17ad-50ab-40df-a401-c422138da6de"
E07000008,Cambridge,,545420,257901,0,52,"e6942d89-e4e2-4ea5-b00d-c6f9ae013c58"
E07000009,"East Cambridgeshire",,555576,275765,0,52,"d7763823-6713-4afd-a071-d5d4cb5c1a2a"
E07000010,Fenland,,536355,294959,0,53,"44602491-e356-41aa-813e-361cdcc7ef1e"
E07000011,Huntingdonshire,,521008,274268,0,52,"53dbe859-d0db-4f32-ace9-329678542e35"
E07000012,"South Cambridgeshire",,543295,247586,0,52,"2f75bfb8-86ad-4183-8a10-865511056ce0"
E07000032,"Amber Valley",,436166,348084,-1,53,"e154b14a-7eff-412e-a5eb-d801c5eec319"
E07000033,Bolsover,,448666,371547,-1,53,"2f8dea2f-0ef6-461e-b19e-505778fb2ef9"
E07000034,Chesterfield,,440049,373358,-1,53,"0ad2a6f3-999c-41a3-afd7-65159fe2f7e3"
E07000035,"Derbyshire Dales",,419699,358494,-2,53,"c0f9b633-71f1-4860-a622-bed1748ff5f2"
E07000036,Erewash,,443722,338061,-1,53,"f47aa86e-3045-49a5-9cca-bd463dad57c2"
E07000037,"High Peak",,410473,387653,-2,53,"52a01fbc-6bad-4c1d-9e11-a548b1694db3"
E07000038,"North East Derbyshire",,437369,362955,-1,53,"250232d9-2d82-4891-97c7-e48604c6a94b"
E07000039,"South Derbyshire",,431443,325363,-2,53,"a6511f9b-089f-462f-8c64-77d4475c3f50"
E07000040,"East Devon",,313787,96051,-3,51,"3a5366be-b6b5-4419-b182-30dc51a16f4b"
E07000041,Exeter,,293239,92005,-4,51,"7a0ba14e-fcc3-4a69-80f3-9f9db7c8a05c"
E07000042,"Mid Devon",,288065,108913,-4,51,"17adda38-9099-4d0b-bebe-a8f7f094b375"
E07000043,"North Devon",,265112,132533,-4,51,"aab89a14-81fe-4150-9c91-238c15def614"
E07000044,"South Hams",,270672,54039,-4,50,"3d3ee20f-d1bd-4733-8eb4-163ec42aab54"
E07000045,Teignbridge,,283144,80205,-4,51,"51768de9-3de4-4a0e-9a0f-4392324cc26d"
E07000046,Torridge,,244206,114334,-4,51,"c8da1bf5-1dca-4f5e-8bb5-cf51c5cd542b"
E07000047,"West Devon",,256378,86992,-4,51,"70c16140-7f34-4ac7-90a8-632b949cea8b"
E07000061,Eastbourne,,559339,99575,0,51,"4ce7ab72-fcdb-447a-b9f9-5dd74af26163"
E07000062,Hastings,,581528,110694,1,51,"4595f1f6-0846-4f79-8b04-5ae7b0b441c4"
E07000063,Lewes,,541473,105687,0,51,"a85e41ea-067a-4ebf-8809-22ba7449f280"
E07000064,Rother,,578721,119666,1,51,"cbb22857-b634-4535-b151-4bb6880ec841"
E07000065,Wealden,,555048,117181,0,51,"4e346c9c-ef40-47d3-8202-741ae4096668"
E07000066,Basildon,,571548,190849,0,52,"b98628a3-afe7-4e34-acb0-b9d982f85c8d"
E07000067,Braintree,,577253,227337,1,52,"4824810c-3d3d-44ce-add1-118dc06781d2"
E07000068,Brentwood,,558560,196070,0,52,"688b8360-6b78-4374-a98a-55e0e39b62bf"
E07000069,"Castle Point",,579493,187920,1,52,"a84237da-1f00-4278-9e95-8097a7f0e35b"
E07000070,Chelmsford,,572116,206972,0,52,"1b0e83f7-71a5-47af-a5de-6983c1301cca"
E07000071,Colchester,,596947,223692,1,52,"14110487-3791-4145-a78c-11d88a7ebe45"
E07000072,"Epping Forest",,548919,203757,0,52,"0711a793-7047-4fd0-af3e-c4eebc28faf2"
E07000073,Harlow,,545276,209589,0,52,"9a1355e3-d2f8-487d-9c4f-8a2bcfb519f1"
E07000074,Maldon,,591413,212072,1,52,"3d13c52b-8d37-4924-a703-e435442cdc5d"
E07000075,Rochford,,585979,191417,1,52,"15dbef0e-4842-4b15-bb66-05f24038d8de"
E07000076,Tendring,,614190,222141,1,52,"49dc09bd-3387-4287-9d50-b16294bb72d5"
E07000077,Uttlesford,,557833,228863,0,52,"ebfe181a-5a9a-4191-b809-6e94953c4583"
E07000078,Cheltenham,,394925,222232,-2,52,"151fa3cc-3f7f-4bc5-a26b-2ca014ebbccf"
E07000079,Cotswold,,402126,208209,-2,52,"f2b9e243-4421-4e0b-a865-1b2b3175e8b0"
E07000080,"Forest of Dean",,367175,212759,-2,52,"547602e6-4e72-4c79-8606-f3627b2d0038"
E07000081,Gloucester,,384071,216449,-2,52,"bc2aa955-7c24-4170-848b-52d869cb22cd"
E07000082,Stroud,,378807,202410,-2,52,"478e277b-ab18-4cd9-aa41-ebb84d82e8fe"
E07000083,Tewkesbury,,386348,226281,-2,52,"1b3c4445-1b39-4d88-8526-033678125c1a"
E07000084,"Basingstoke and Deane",,454507,151423,-1,51,"e73454d3-0c32-4851-911c-ae67c8299270"
E07000085,"East Hampshire",,474408,129247,-1,51,"d6c84cbb-ad20-4b9a-ad83-e479320f3bf6"
E07000086,Eastleigh,,447199,116807,-1,51,"25b645a7-44b7-4a7a-a131-d184a85528e9"
E07000087,Fareham,,453774,106319,-1,51,"afd2a763-6fc9-43ad-8746-3995618d68b0"
E07000088,Gosport,,458769,101088,-1,51,"abe57b47-d4b8-45f7-922b-13f733abafcd"
E07000089,Hart,,477985,154241,-1,51,"731522f4-ec9b-4aaa-a417-77a444f829a3"
E07000090,Havant,,470178,108564,-1,51,"3a61166f-0ba9-418d-affd-99c02131c40f"
E07000091,"New Forest",,428748,106524,-2,51,"54d2cf57-8241-4cf0-9093-5365cee4f292"
E07000092,Rushmoor,,486022,153944,-1,51,"d7ea701d-f041-4114-9f2f-f16e97ceb584"
E07000093,"Test Valley",,434930,137329,-2,51,"1aaa8b27-3704-44f5-bc8a-6ba3ca49b2a8"
E07000094,Winchester,,453115,125901,-1,51,"f129b315-d4ad-45c4-a1da-44738e0163a0"
E07000095,Broxbourne,,534742,204251,0,52,"75255996-87a1-4f28-9fe9-a8e2db0c6a7d"
E07000096,Dacorum,,500084,208745,-1,52,"48cdfdcf-2983-423d-8de8-8ea9868dcce7"
E07000098,Hertsmere,,519774,199352,0,52,"fce6626e-7bb3-4f49-b85d-811179d048b3"
E07000099,"North Hertfordshire",,522191,230250,0,52,"df82b80f-0632-4e18-99e8-7716824276b7"
E07000102,"Three Rivers",,507313,196418,0,52,"0a8c0764-d4f1-4f1e-ad9f-13b20149af3e"
E07000103,Watford,,510441,198197,0,52,"9b9771a8-0507-474d-b211-05d68bc9e9f0"
E07000105,Ashford,,597640,140644,1,51,"7c6813b9-0f7d-43c6-8db0-4958280bc1a9"
E07000106,Canterbury,,616031,158096,1,51,"717c8c5e-2a1b-414d-aef1-7839e26f4af7"
E07000107,Dartford,,556167,172917,0,51,"3a67f2e9-25c9-490f-92bc-532510165bed"
E07000108,Dover,,628964,150942,1,51,"01c7cb7f-4bd7-44ad-9d60-72b30e9557c1"
E07000109,Gravesham,,566969,169114,0,51,"74a53377-6e8a-4a72-af21-8eb0d824b02a"
E07000110,Maidstone,,580489,151670,1,51,"401f4449-0029-4233-b6d7-a6e19ff5b34b"
E07000111,Sevenoaks,,552776,155218,0,51,"2e1683f8-af46-4347-a177-a002c1cd9ab1"
E07000112,"Folkestone and Hythe",,610318,134597,1,51,"7c296e8c-109d-442f-b8de-d7420982c4d3"
E07000113,Swale,,593583,161818,1,51,"b6d09ff7-5fdb-423a-9d4e-3d16ed80e8bb"
E07000114,Thanet,,631839,166752,1,51,"f08dc4a5-9b58-4951-9d5f-9d7508fe8a4a"
E07000115,"Tonbridge and Malling",,564014,153896,0,51,"5c78098e-199f-4efd-987f-49a81b28d7cc"
E07000116,"Tunbridge Wells",,573139,136598,0,51,"bbbfc1df-705f-423a-b9d6-732500d20d41"
E07000117,Burnley,,384886,430880,-2,54,"b014a0ab-befb-4497-aa6d-1e1de214e0b9"
E07000118,Chorley,,359188,419722,-3,54,"e8792fcb-ac1e-4a19-9668-821f71ebc751"
E07000119,Fylde,,339554,433811,-3,54,"1123d116-8058-474e-a18f-046db8b07e95"
E07000120,Hyndburn,,374407,428967,-2,54,"d6c6ab5c-6cb7-40c7-b058-866728a205b3"
E07000121,Lancaster,,356896,464988,-3,54,"5a34e879-d362-4fff-9d7c-c5a8e8e3d54d"
E07000122,Pendle,,387638,443368,-2,54,"b414e1df-e59f-4d26-b0fb-ea61ee7880c7"
E07000123,Preston,,352828,436431,-3,54,"ba0386b1-0662-46f9-bf69-0b068aa9e417"
E07000124,"Ribble Valley",,372689,447677,-2,54,"97beda11-c593-4a97-bad9-068a8a92d045"
E07000125,Rossendale,,382827,420953,-2,54,"1a8e4331-07b7-496e-86dc-2fc5f9313822"
E07000126,"South Ribble",,352017,425841,-3,54,"27d7bfcd-3c95-4d6c-961a-aacb384f795d"
E07000127,"West Lancashire",,342606,413271,-3,54,"bd9409cc-4c70-4283-9c30-e1a539be7417"
E07000128,Wyre,,347294,445159,-3,54,"f0ddd7d0-f646-4d6e-84da-7450c1e09158"
E07000129,Blaby,,454385,297994,-1,53,"c7abacdb-8d01-4a58-8278-f5f4971e081e"
E07000130,Charnwood,,458365,316155,-1,53,"908bed0f-1700-4c03-b9d0-53cba4eb0d16"
E07000131,Harborough,,474550,293873,-1,53,"805efaf0-6a55-4b4a-989e-ea84517cf6c5"
E07000132,"Hinckley and Bosworth",,439538,301379,-1,53,"56098895-701f-4fbe-bc09-c4e4276a052f"
E07000133,Melton,,477328,323469,-1,53,"311f1491-432b-4cc4-a4c1-ed7f8a9a6b9f"
E07000134,"North West Leicestershire",,439107,316253,-1,53,"13aca4cd-3a34-453a-8d79-63d1ddcd6bd3"
E07000135,"Oadby and Wigston",,461543,299379,-1,53,"f4d5e903-3a96-468a-940d-84a4ef601501"
E07000136,Boston,,526851,343956,0,53,"e77c40a3-9e76-49fd-b7d1-ac993ca9dd29"
E07000137,"East Lindsey",,534861,376064,0,53,"32740f9c-7f2e-4681-8f81-2cab95bf69bb"
E07000138,Lincoln,,496347,370096,-1,53,"3fd2237c-8070-49a8-b0a2-3d5c4799237b"
E07000139,"North Kesteven",,502139,354789,0,53,"0043c666-e0cd-4c48-a22e-9cb29143eb5b"
E07000140,"South Holland",,532910,322929,0,53,"9f0c6952-2e42-44d8-9f11-727664eb543a"
E07000141,"South Kesteven",,501404,328986,0,53,"842baf8c-fcad-409d-915a-47640af35e69"
E07000142,"West Lindsey",,499314,390326,-1,53,"39722837-90e5-4f19-8970-0e9086fd86b2"
E07000143,Breckland,,591015,303332,1,53,"d50d31e3-0151-4a99-ab4f-2e093d3864b6"
E07000144,Broadland,,619861,315909,1,53,"687a0386-2de3-41f6-b175-1d7e4f3e90eb"
E07000145,"Great Yarmouth",,646762,315881,2,53,"bde0c990-cef3-4d64-803b-a07c9990892f"
E07000146,"Kings Lynn and West Norfolk",,571219,315807,1,53,"24466243-e8bb-4b81-9092-ab3f8e5d7538"
E07000147,"North Norfolk",,611043,330857,1,53,"f03f0054-fc71-4ae3-a9f0-ff17c33279b6"
E07000148,Norwich,,622355,309773,1,53,"19e0135c-92a5-4c78-ae5b-474c08773789"
E07000149,"South Norfolk",,628991,295822,1,53,"13d899fb-e72d-421f-b6e4-6ad9f86df1fc"
E07000170,Ashfield,,450035,355843,-1,53,"5d9ac00c-7787-4eb6-83ca-4aecd5acce6c"
E07000171,Bassetlaw,,468073,384835,-1,53,"4341adbf-0eb8-426c-8a90-eeaa53277c8c"
E07000172,Broxtowe,,449829,341891,-1,53,"a6406fda-a81f-4b5f-b052-c587a48b081b"
E07000173,Gedling,,459184,347811,-1,53,"0719d6be-1b74-49a5-9325-c273c8c76a2d"
E07000174,Mansfield,,455047,363637,-1,53,"b1f94b05-62b1-46b4-9643-f5230c3cde77"
E07000175,"Newark and Sherwood",,470624,357451,-1,53,"e9ec735e-91df-4948-89f9-6b3083f0fb5f"
E07000176,Rushcliffe,,466609,335453,-1,53,"0522e299-e619-4fa8-841e-59dd7f9f98da"
E07000177,Cherwell,,449301,221199,-1,52,"d521a678-0f94-47a7-97a4-20dffb7ae6c3"
E07000178,Oxford,,452277,206368,-1,52,"761986ea-eebc-42ed-87b2-5152bbee5075"
E07000179,"South Oxfordshire",,463890,191964,-1,52,"c23597d6-909d-402e-8589-0da248a54d6a"
E07000180,"Vale of White Horse",,435697,195198,-1,52,"6a2722f9-9cf1-4560-84fd-e2b4805accbf"
E07000181,"West Oxfordshire",,434343,215817,-2,52,"53dc07eb-591e-47a8-81a2-4bb725e4d045"
E07000192,"Cannock Chase",,401261,311553,-2,53,"ef221aa4-b26c-4570-b321-533d6fd1a5c7"
E07000193,"East Staffordshire",,412599,326571,-2,53,"0ea718bf-0d6f-48f0-889f-c68ae0e9de38"
E07000194,Lichfield,,416276,310967,-2,53,"67019717-4ea0-4d31-8bd7-6ffe148bbefb"
E07000195,"Newcastle under Lyme",,378201,345177,-2,53,"bfc532af-eb83-409d-b1a0-ac7c10d57450"
E07000196,"South Staffordshire",,389624,311036,-2,53,"9cf719da-e341-4824-bcf3-fdd04f9a34cc"
E07000197,Stafford,,389000,327835,-2,53,"d05972d7-62b8-4a98-ade6-614e7ff0f560"
E07000198,"Staffordshire Moorlands",,400543,352448,-2,53,"d014bc50-ba55-4e84-bcb9-583da17ddca9"
E07000199,Tamworth,,421452,302547,-2,53,"4cbf3a14-4ce1-459e-a387-223f14f5f6e9"
E07000200,Babergh,,599987,244692,1,52,"1efc1ff3-d38e-4316-aae0-21b2a43f2d95"
E07000202,Ipswich,,617163,244456,1,52,"fd368c45-58f7-4b3d-9006-67c1caed42e8"
E07000203,"Mid Suffolk",,611646,262335,1,52,"db2a2d21-c588-4ed7-a64d-6cf2aa9779ef"
E07000207,Elmbridge,,511883,163655,0,51,"c9fe021f-bc68-45ae-9271-3ce2816010bf"
E07000208,"Epsom and Ewell",,521176,161476,0,51,"c7240516-40b5-411b-bf80-06466cc32e56"
E07000209,Guildford,,500408,151481,-1,51,"be88b4fd-a9ea-43d1-80ba-d311ce1d61c5"
E07000210,"Mole Valley",,518377,148953,0,51,"b3cd2de2-01f1-4a12-97a6-a640ab59881d"
E07000211,"Reigate and Banstead",,525786,152574,0,51,"90d8806e-5cad-4bd4-a529-755311cc8620"
E07000212,Runnymede,,501777,166980,-1,51,"eb4e22db-e1db-437b-b56b-2c24faae04c1"
E07000213,Spelthorne,,507012,169622,0,51,"bc203c94-a9fd-43d0-a8db-71ee70450be0"
E07000214,"Surrey Heath",,491364,160485,-1,51,"54843b8d-ed27-4c16-ac77-befe110b00e1"
E07000215,Tandridge,,536362,150328,0,51,"d915151d-6ef0-4cb6-a157-9925fb20e45b"
E07000216,Waverley,,496363,140635,-1,51,"9e9c6dc5-549a-4fd4-a60d-6c2706e80f09"
E07000217,Woking,,499088,157544,-1,51,"6d0b5749-37a2-4d76-b46c-7315260b7389"
E07000218,"North Warwickshire",,425570,296402,-2,53,"d04f8cc9-0aa4-4a43-a07d-3c4d91ffc26e"
E07000219,"Nuneaton and Bedworth",,435420,289352,-1,53,"134d8782-c73e-4407-886b-2cb55851cd1f"
E07000220,Rugby,,446498,276244,-1,52,"8b4b91c4-17e9-4636-9a62-a3036a65ca8c"
E07000221,"Stratford on Avon",,425019,251537,-2,52,"77251e19-ca9f-421b-91e5-fcf555ec3515"
E07000222,Warwick,,428484,267113,-2,52,"d97bbfb9-c788-4617-989c-e924b0c6ffba"
E07000223,Adur,,518076,106472,0,51,"e0495ab6-a253-47e1-a02a-f8e69e7fc4a1"
E07000224,Arun,,495144,105723,-1,51,"d9fcca64-2b38-468a-a164-12b0c2df9942"
E07000225,Chichester,,490285,116600,-1,51,"e6303626-be55-4c25-8b0a-75897846e7f8"
E07000226,Crawley,,526390,137581,0,51,"75e08c85-0fbe-4c07-ad52-132701eb5924"
E07000227,Horsham,,513674,123840,0,51,"d30bc629-d2c9-4bd1-9b4b-d1ef7140e8f2"
E07000228,"Mid Sussex",,533052,130624,0,51,"a19549dd-0521-47bb-ada5-b9e838cf6953"
E07000229,Worthing,,512679,104948,0,51,"5cd4fe0f-0e20-4533-a309-3d27d8c838a0"
E07000234,Bromsgrove,,399840,273736,-2,52,"77889a7e-eb2b-4e4b-acf5-979c51a9cb4a"
E07000235,"Malvern Hills",,377463,252198,-2,52,"ba724b5e-65e6-445e-b785-16218d9d81c6"
E07000236,Redditch,,403705,265253,-2,52,"0a962541-5dc7-43d0-ac18-72c15197b3e0"
E07000237,Worcester,,385744,255190,-2,52,"e5e7158c-0eb2-4734-b132-2cc01bfae8cd"
E07000238,Wychavon,,398991,247839,-2,52,"d1867446-084a-43c8-bc91-2de49e6b3b8a"
E07000239,"Wyre Forest",,384106,276388,-2,52,"6e2192d7-37f4-4a78-a1fc-35e52c11d495"
E07000240,"St Albans",,514580,209623,0,52,"2ee2853e-c8e4-4a87-b119-6b3f6009257b"
E07000241,"Welwyn Hatfield",,525345,208467,0,52,"7051da28-2a2e-43b6-bb01-12d5e6d85769"
E07000242,"East Hertfordshire",,537995,220370,0,52,"7652c1d9-f4ce-4b21-9514-8b8c64616b53"
E07000243,Stevenage,,524622,224531,0,52,"d973b589-e0d0-4bbb-96cd-4075c93fa193"
E07000244,"East Suffolk",,636043,266291,1,52,"ff17b1f7-a6fa-4770-b724-6a3f893c4142"
E07000245,"West Suffolk",,580941,271121,1,52,"04a49dab-2486-4a0d-95d0-81d41136e5a6"
E08000001,Bolton,,368352,409874,-2,54,"5cdd9f61-de53-41e8-9847-7f8b12d2e1c2"
E08000002,Bury,,379658,410767,-2,54,"c7aa239a-4c71-4746-a825-b183bad4a636"
E08000003,Manchester,,384591,397063,-2,53,"d1f368fd-f73a-466b-a0a5-fb231723ec9f"
E08000004,Oldham,,396603,406784,-2,54,"95638db5-4886-4ecc-80dc-10e57d57bcfd"
E08000005,Rochdale,,390315,412326,-2,54,"3fa3ee39-532e-4658-9da1-86f1f50af088"
E08000006,Salford,,374556,398128,-2,53,"2f41f97d-3fab-48e2-9d42-0ce5cd1e6a52"
E08000007,Stockport,,391807,388258,-2,53,"785f078b-ebec-4f79-bebe-4e0da41398a7"
E08000008,Tameside,,394987,397995,-2,53,"5e6f196e-9993-4a39-a8b6-8842cb49ab9b"
E08000009,Trafford,,375790,391163,-2,53,"f7bb63dc-8d77-4417-8eb0-ae4a66bfd4b1"
E08000010,Wigan,,362139,402126,-3,54,"d7de21fb-47a4-4751-b4a2-715c4fa6a77e"
E08000011,Knowsley,,344762,393778,-3,53,"64eb2183-4e61-440b-991f-c93df0005488"
E08000012,Liverpool,,339359,390556,-3,53,"52e1c1d9-af52-49ed-a77f-d706a0823c18"
E08000013,"St Helens",,353413,395992,-3,53,"badc7df6-7a36-4e57-b103-728acd2b02b6"
E08000014,Sefton,,334282,398835,-3,53,"ab01bd6c-dea7-4ca1-be56-684fa7447606"
E08000015,Wirral,,329109,386965,-3,53,"9bf753ac-9d0c-45f5-aaa3-7ff39ad7525d"
E08000017,Doncaster,,459167,403733,-1,54,"cade6ca0-9b00-4b1c-82b6-4e59381ee4c4"
E08000018,Rotherham,,447542,388980,-1,53,"92a263eb-8114-4c19-88fa-2e1735f80f14"
E08000021,"Newcastle upon Tyne",,422287,569661,-2,55,"485104c2-229a-416b-b41f-c9ff1f08b206"
E08000022,"North Tyneside",,431485,570602,-2,55,"4f6d09bb-d7d1-48f2-b20c-7d82fcdba7c7"
E08000023,"South Tyneside",,435505,564057,-1,55,"9eb15c34-e9fb-469e-97cd-7aa8abd7172a"
E08000024,Sunderland,,436455,551514,-1,55,"d2464ec7-a204-4857-b7ae-15b1e2f60622"
E08000025,Birmingham,,408150,287352,-2,52,"d22edd7c-349c-4c30-8e98-a626260f8e67"
E08000026,Coventry,,432809,279689,-2,52,"2f58596f-f130-44a6-b04b-cedfaa29e6e3"
E08000027,Dudley,,393191,288584,-2,52,"507d6197-061d-4478-8823-6374bdf19952"
E08000028,Sandwell,,399573,290764,-2,53,"d3a33e25-e536-433e-a3b5-27172fe172e0"
E08000029,Solihull,,419434,281483,-2,52,"4128992e-999c-41b3-808e-abbb84038652"
E08000030,Walsall,,402099,300807,-2,53,"a520be32-cec2-492a-9cc9-d04646e06c04"
E08000031,Wolverhampton,,391463,300016,-2,53,"4274bbc4-d2b4-4cbd-b057-a3a4b12e5015"
E08000032,Bradford,,408395,438626,-2,54,"692cc898-e41a-4b32-9f0c-470038732303"
E08000033,Calderdale,,402618,424895,-2,54,"807dddff-c369-418d-bbe8-5eaffab2b577"
E08000034,Kirklees,,414586,416223,-2,54,"06486ad8-ad75-40e7-add5-16a4a56a7db4"
E08000035,Leeds,,432528,436384,-2,54,"9ff89d13-0a59-41c2-b941-9bdaef1fe40a"
E08000036,Wakefield,,438367,418231,-1,54,"4dbca0bb-42d8-43e9-93a3-1d518a8f77b2"
E08000037,Gateshead,,420158,559652,-2,55,"cabfd48c-86b4-48e2-8a94-f75daa539afd"
E08000038,Barnsley,,429979,403327,-2,54,"fb9836a5-77d1-4fa9-9dd1-7ea61671e458"
E08000039,Sheffield,,430511,389736,-2,53,"0b6137a0-1ba4-48a6-9954-da7b61be9e8b"
E09000001,"City of London",,532382,181358,0,52,"166247fa-e186-40a5-bbcb-26bb639512ea"
E09000002,"Barking and Dagenham",,547757,185111,0,52,"aac73e5e-fb8b-4985-82a1-3bb9df4a5abc"
E09000003,Barnet,,523473,191752,0,52,"1266f1f5-41e5-416c-870b-72728138dad5"
E09000004,Bexley,,549202,175434,0,51,"c4be245a-ccf0-48fd-9f8f-adba5fb53755"
E09000005,Brent,,519615,186465,0,52,"45d5e783-704b-4528-8eff-6c98975ff023"
E09000006,Bromley,,542036,165707,0,51,"71a6182a-019e-45cc-b730-1a3cfb2565a9"
E09000007,Camden,,527491,184283,0,52,"1db191ab-e21a-4446-80c3-8a1cbcdb7c8d"
E09000008,Croydon,,533922,164745,0,51,"ef1fae65-0da2-4427-b6c0-439280c03671"
E09000009,Ealing,,517055,181959,0,52,"a5bf9ca5-f385-4b31-9d8a-2d700b024fd9"
E09000010,Enfield,,532831,196198,0,52,"926374bd-d357-4b16-9d1b-ec15ba2b7a8b"
E09000011,Greenwich,,542507,175878,0,51,"1c8767fa-3788-492e-bed9-fe8c242cd826"
E09000012,Hackney,,534560,185787,0,52,"fd680333-c5a7-42e0-95b8-6a1162da7a6c"
E09000013,"Hammersmith and Fulham",,523867,177993,0,51,"66f5d633-4633-4c49-9953-098523128321"
E09000014,Haringey,,531260,189349,0,52,"d0e26b8a-2fa3-4751-98fc-0b779f8f5c19"
E09000015,Harrow,,515359,189736,0,52,"f20623c2-adb2-4fb2-b078-d3a246f171cb"
E09000016,Havering,,555032,187514,0,52,"641313fd-7c6c-4108-b119-3f97eee04d78"
E09000017,Hillingdon,,508168,183121,0,52,"84e2f033-b009-409a-9c7c-b665887e3a92"
E09000018,Hounslow,,512737,174959,0,51,"755a2b52-7d6d-4831-a8a2-08351fd0c517"
E09000019,Islington,,531160,184645,0,52,"eee5f039-7e1b-409c-aaf0-72fc039ea61d"
E09000020,"Kensington and Chelsea",,525756,179054,0,51,"7c3ce862-53b7-4c3c-974a-a6a5828fa0b6"
E09000021,"Kingston upon Thames",,519508,167389,0,51,"5a3e4efd-c3c6-40b0-918f-48ddf7843704"
E09000022,Lambeth,,531118,175629,0,51,"61ed4ffc-328e-4060-870c-846c9abe738e"
E09000023,Lewisham,,537888,173343,0,51,"9b1d96b8-f400-47e1-a206-46988cf9a31b"
E09000024,Merton,,526068,169508,0,51,"95c74099-4b69-4997-a596-dac86996ea67"
E09000025,Newham,,540713,183346,0,52,"7755c312-e0f5-4752-b80a-2d7b52f987ba"
E09000026,Redbridge,,543512,189477,0,52,"4e7dea1b-42b6-43b3-9ca4-9be00245aad8"
E09000027,"Richmond upon Thames",,519005,172650,0,51,"fe5db386-1b0b-4432-8fbf-301cd892f7ef"
E09000028,Southwark,,533945,175869,0,51,"1cc77691-c015-44f2-b8fc-aeaf96684dd6"
E09000029,Sutton,,527357,163639,0,51,"5f49e34f-be16-47ef-82c9-22de61b0cd0d"
E09000030,"Tower Hamlets",,536340,181452,0,52,"9e8f561d-174c-4d1b-90b5-5cdd9e7859a1"
E09000031,"Waltham Forest",,537328,190278,0,52,"751bb521-71f0-4c4a-ae15-369a2a38356d"
E09000032,Wandsworth,,525152,174138,0,51,"070c2a87-bc86-4d27-b660-45398acea56e"
E09000033,Westminster,,528268,180871,0,52,"0642c98c-b589-484f-b915-12defcc93f73"
N09000001,"Antrim and Newtownabbey",,130813,541285,-6,55,"8534b0c3-b768-4830-8070-c386069472bb"
N09000002,"Armagh City, Banbridge and Craigavon",,112110,508158,-6,54,"748a6900-3231-45c2-8105-8390de0ec75f"
N09000003,Belfast,,146465,529747,-6,55,"09f8fc65-888a-4797-962d-cbb46976f59c"
N09000004,"Causeway Coast and Glens",,106168,581420,-7,55,"3e40a38e-9f4c-488a-b098-c5a0a9915385"
N09000005,"Derry City and Strabane",,51779,559566,-7,55,"741e5111-32ba-4489-a68e-3ba1e5856dcc"
N09000006,"Fermanagh and Omagh",,41233,513013,-8,54,"d193ca93-7fa7-422b-ae3b-1265efdd53e3"
N09000007,"Lisburn and Castlereagh",,138712,518920,-6,54,"e15d31ad-01cd-4009-81ce-3209595b5c73"
N09000008,"Mid and East Antrim",,133943,560151,-6,55,"f096c47d-dff5-4b32-abdb-4fa84ba9d385"
N09000009,"Mid Ulster",,83920,528564,-7,55,"dcd900d4-c95a-4356-ae90-1bbf4547c5f1"
N09000010,"Newry, Mourne and Down",,133006,480432,-6,54,"1620a824-4c9c-43d8-81d0-abefff04b9e3"
N09000011,"Ards and North Down",,164321,524944,-6,55,"b01bb52d-e718-44a7-8f28-26fa5fa1e2e2"
S12000005,Clackmannanshire,,291178,696402,-4,56,"443ec26e-e9ff-49ea-a59d-ee1595e1cf7e"
S12000006,"Dumfries and Galloway",,270645,579856,-4,55,"e1ec4fd8-7064-4ae4-b6e9-07f34dc92fbe"
S12000008,"East Ayrshire",,255398,624935,-4,55,"d4f05821-7703-4490-932f-c71f936f9727"
S12000010,"East Lothian",,354854,672351,-3,56,"085bcde5-c1fd-487b-8da6-c7c8bf0e6aa3"
S12000011,"East Renfrewshire",,251930,653115,-4,56,"dd963df4-bb85-4f1e-9b60-1ba18d82692f"
S12000013,"Na h Eileanan Siar",,126473,932862,-7,58,"1fdbd447-8475-4d60-889f-67f423514ca8"
S12000014,Falkirk,,285585,680170,-4,56,"7d58aa2b-6160-4338-879e-7424716c75cd"
S12000017,Highland,,241018,858292,-5,58,"4871bd51-67f8-4e8e-bca8-226adacd5478"
S12000018,Inverclyde,,227922,670894,-5,56,"548716ba-12f2-416e-bce4-93ddf5a6ed67"
S12000019,Midlothian,,330088,659217,-3,56,"9b2190de-9bc3-4d35-ae46-3c9f8d59a979"
S12000020,Moray,,328015,843590,-3,57,"95fc7c23-1d89-434d-bed0-92653ba7dac8"
S12000021,"North Ayrshire",,228996,651640,-5,56,"fbd76d85-e97a-41bb-a3b6-ba8bda8491fb"
S12000023,"Orkney Islands",,348293,1006584,-3,59,"98bd8802-0f66-4688-8cc5-8f53c84b2785"
S12000026,"Scottish Borders",,345889,626137,-3,56,"7ea26581-e4a9-4bea-aa09-a288f9583127"
S12000027,"Shetland Islands",,434516,1180307,-1,61,"01446d17-609c-4400-b4b9-2ab0939b6a99"
S12000028,"South Ayrshire",,226545,596271,-5,55,"4e486cef-392a-44ff-8dce-665c4493c5d0"
S12000029,"South Lanarkshire",,284634,636071,-4,56,"7f0d0e91-8bcd-4340-83ed-5fe90e109666"
S12000030,Stirling,,255980,708769,-4,56,"08a9571c-7960-4292-9d51-ab2b82d830a4"
S12000033,"Aberdeen City",,387763,808479,-2,57,"a04749dd-adbd-423a-9748-74c0f362e410"
S12000034,Aberdeenshire,,352284,816277,-3,57,"633b37b1-0001-4f11-bc85-81949b090e28"
S12000035,"Argyll and Bute",,200740,715443,-5,56,"82fc881f-2d64-4f46-a846-c952f3fb4a86"
S12000036,"City of Edinburgh",,320193,669417,-3,56,"c5c08bba-81c9-433e-bd00-290584c0c4c3"
S12000038,Renfrewshire,,239305,664698,-5,56,"5c2e309c-e8c5-4e9b-96ab-00e142e92759"
S12000039,"West Dunbartonshire",,242904,681586,-5,56,"6a5671b2-aa28-416c-9485-af6c2902a43f"
S12000040,"West Lothian",,299483,668514,-4,56,"9898e884-f647-4b03-aec8-d62376202a4e"
S12000041,Angus,,345506,759636,-3,57,"a72526a6-a50f-4a3c-8421-d8aa5ef4a15a"
S12000042,"Dundee City",,340291,732145,-3,56,"7338daac-b561-4caf-b9d6-9d21714ca842"
S12000045,"East Dunbartonshire",,261240,676154,-4,56,"67e2ba5a-1106-475f-a2e9-10ef288fcd19"
S12000047,Fife,,339187,704720,-3,56,"356dd07d-8338-4346-9ff2-42c0018d2cf5"
S12000048,"Perth and Kinross",,284302,744185,-4,57,"e9c8e13e-993c-4920-aa3c-af8146d2a547"
S12000049,"Glasgow City",,261534,667033,-4,56,"6ef4ce0b-8c99-4516-a455-cbb9d56c344f"
S12000050,"North Lanarkshire",,277984,665608,-4,56,"802859e5-5af6-4a47-ad9b-d74d9d06788a"
W06000001,"Isle of Anglesey","Ynys Môn",245217,378331,-4,53,"4f7bf80b-ebfe-4499-8cd6-6b020e5b3e8d"
W06000002,Gwynedd,Gwynedd,280555,334966,-4,53,"3f57c061-3950-4eba-a56a-0423c25c4fc3"
W06000003,Conwy,Conwy,283293,362563,-4,53,"9e86eae0-ca5d-4b0c-8073-2d1476e29a28"
W06000004,Denbighshire,"Sir Ddinbych",309843,355416,-3,53,"478e006e-bec0-4d83-94da-c4911abeb8bc"
W06000005,Flintshire,"Sir y Fflint",321134,369280,-3,53,"682ba401-13d6-4916-bf14-c58eb1d10c4d"
W06000006,Wrexham,Wrecsam,333523,345387,-3,53,"21ec5704-9157-4b6d-a293-8b48af612bbf"
W06000008,Ceredigion,Ceredigion,267127,268437,-4,52,"b66737a4-e0f1-4830-84db-06b619a51f38"
W06000009,Pembrokeshire,"Sir Benfro",199821,221391,-5,52,"43b116f2-5ce1-4a58-9311-034c5e0e16c0"
W06000010,Carmarthenshire,"Sir Gaerfyrddin",247955,224133,-4,52,"ad08b839-0a19-4539-8988-8cd31767430a"
W06000011,Swansea,Abertawe,264022,197308,-4,52,"fc3a712e-8dc6-4d1c-b8d8-ed4abf9570d8"
W06000012,"Neath Port Talbot","Castell-nedd Port Talbot",279261,195412,-4,52,"033dfe7d-503a-41d5-a459-b293b0fc6528"
W06000013,Bridgend,"Pen-y-bont ar Ogwr",288231,185870,-4,52,"ef3aee34-3de1-48c6-982c-b3585a9521b5"
W06000014,"Vale of Glamorgan","Bro Morgannwg",302947,173080,-3,51,"dc06deb9-3f83-4a17-ba9c-150996ceeb24"
W06000015,Cardiff,Caerdydd,315272,178887,-3,52,"0e476e39-dfba-4947-8933-3c46c4e050ba"
W06000016,"Rhondda Cynon Taf","Rhondda Cynon Taf",302237,192395,-3,52,"17981a5d-b414-4747-86d0-ea40b57bac30"
W06000018,Caerphilly,Caerffili,317245,195259,-3,52,"a1aa1a65-5de8-419f-8b7a-1efd9c5658e7"
W06000019,"Blaenau Gwent","Blaenau Gwent",318236,206771,-3,52,"c650463d-eaaa-4413-a417-5b952e56a3fc"
W06000020,Torfaen,Torfaen,327459,200480,-3,52,"d88ab7ec-56ab-4c47-81a6-f1435dfd047c"
W06000021,Monmouthshire,"Sir Fynwy",337812,209231,-3,52,"6cc7e6d0-0fdc-42ca-a04e-8e296bc3a560"
W06000022,Newport,Casnewydd,337897,187432,-3,52,"53f5ce43-ee4c-4d0a-a957-9581cc5ae422"
W06000023,Powys,Powys,302329,273254,-3,52,"7c833175-c86d-4c23-96a5-72680eb1e437"
W06000024,"Merthyr Tydfil","Merthyr Tudful",305916,206404,-3,52,"411042c3-2be6-4cf5-9077-f8ff3d655c60"
