authority_convert,location_name,place_description,location_code,local_authority_code,county_code,latitude,longitude,population
Waverley,Waverley,LOC,E07000216,E07000216,E10000030,51.1829,-0.630968,134284
Melton,Melton,LOC,E07000133,E07000133,E10000018,52.8,-0.927993,54052
Melton,Melton,PAR,E07000133,E07000133,E10000018,52.8035,-0.923236,54052
Wychavon,Wychavon,LOC,E07000238,E07000238,E10000034,52.1635,-1.98096,138017
Dorset,Dorset,LOC,E06000059,E06000059,E99999999,50.9656,-2.18182,389947
Winchester,Winchester,LOC,E07000094,E07000094,E10000014,51.092,-1.24173,135632
"Malvern Hills","Malvern Hills",BUA,E07000235,E07000235,E10000034,52.3058,-2.37524,83227
"Malvern Hills","Malvern Hills",LOC,E07000235,E07000235,E10000034,52.3052,-2.37576,83227
"Malvern Hills","Malvern Hills",PAR,E07000235,E07000235,E10000034,52.3027,-2.39173,83227
"Malvern Hills","Malvern Hills",PAR,E07000235,E07000235,E10000034,52.3176,-2.36825,83227
Colchester,Colchester,LOC,E07000071,E07000071,E10000012,51.8343,0.910699,200222
Wychavon,Wychavon,LOC,E07000238,E07000238,E10000034,52.1795,-2.00819,138017
Colchester,Colchester,PAR,E07000071,E07000071,E10000012,51.8342,0.897278,200222
Wychavon,Wychavon,PAR,E07000238,E07000238,E10000034,52.177,-2.00924,138017
Wychavon,Wychavon,PAR,E07000238,E07000238,E10000034,52.1662,-2.00139,138017
Northumberland,Northumberland,LOC,E06000057,E06000057,E99999999,55.4125,-1.79969,331420
"Epping Forest","Epping Forest",PAR,E07000072,E07000072,E10000012,51.7699,0.288812,137451
Uttlesford,Uttlesford,PAR,E07000077,E07000077,E10000012,51.7697,0.317574,95106
"Epping Forest","Epping Forest",LOC,E07000072,E07000072,E10000012,51.7775,0.276124,137451
"Epping Forest","Epping Forest",LOC,E07000072,E07000072,E10000012,51.7782,0.277024,137451
Colchester,Colchester,CED,E07000071,E07000071,E10000012,51.8796,0.91477,200222
Gloucester,Gloucester,CED,E07000081,E07000081,E10000013,51.8436,-2.203,138598
Warwick,Warwick,LOC,E07000222,E07000222,E10000031,52.3441,-1.58044,154889
Warwick,Warwick,LOC,E07000222,E07000222,E10000031,52.3449,-1.58498,154889
"Vale of White Horse","Vale of White Horse",LOC,E07000180,E07000180,E10000025,51.6709,-1.27751,149347
"Staffordshire Moorlands","Staffordshire Moorlands",LOC,E07000198,E07000198,E10000028,53.1177,-2.03284,96651
Manchester,Manchester,LOC,E08000003,E08000003,E11000001,53.4647,-2.15662,589670
"Milton Keynes","Milton Keynes",PAR,E06000042,E06000042,E99999999,52.043,-0.80984,305884
Ashfield,Ashfield,WD,E07000170,E07000170,E10000024,53.1015,-1.2255,129572
"Stoke on Trent",Stoke-on-Trent,WD,E06000021,E06000021,E99999999,53.0405,-2.14379,270425
"Stoke on Trent",Stoke-on-Trent,WD,E06000021,E06000021,E99999999,53.031,-2.13585,270425
"Stoke on Trent",Stoke-on-Trent,LOC,E06000021,E06000021,E99999999,53.0351,-2.14089,270425
Swindon,Swindon,LOC,E06000030,E06000030,E99999999,51.6008,-1.79643,243875
Northumberland,Northumberland,LOC,E06000057,E06000057,E99999999,55.1676,-1.71395,331420
Leicester,Leicester,LOC,E06000016,E06000016,E99999999,52.6452,-1.13652,388348
Westminster,Westminster,WD,E09000033,E09000033,E13000001,51.5348,-0.178168,209996
Chorley,Chorley,LOC,E07000118,E07000118,E10000017,53.7001,-2.54595,120839
Greenwich,Greenwich,LOC,E09000011,E09000011,E13000002,51.4908,0.108054,299528
Greenwich,Greenwich,WD,E09000011,E09000011,E13000002,51.4882,0.113625,299528
"East Devon","East Devon",LOC,E07000040,E07000040,E10000008,50.8881,-3.22193,158239
"Barking and Dagenham","Barking and Dagenham",WD,E09000002,E09000002,E13000002,51.5396,0.077951,232747
Buckinghamshire,Buckinghamshire,WD,E06000060,E06000060,E99999999,51.6221,-0.761816,578772
Cotswold,Cotswold,WD,E07000079,E07000079,E10000013,51.725,-2.02785,91661
Derby,Derby,WD,E06000015,E06000015,E99999999,52.9149,-1.49603,274149
"East Staffordshire","East Staffordshire",WD,E07000193,E07000193,E10000028,52.9144,-1.92716,129659
Leicester,Leicester,WD,E06000016,E06000016,E99999999,52.6569,-1.14039,388348
Lincoln,Lincoln,WD,E07000138,E07000138,E10000019,53.2339,-0.512272,105114
Merton,Merton,WD,E09000024,E09000024,E13000002,51.414,-0.191101,218539
"Nuneaton and Bedworth","Nuneaton and Bedworth",WD,E07000219,E07000219,E10000031,52.525,-1.47371,141565
Reading,Reading,WD,E06000038,E06000038,E99999999,51.4584,-0.971796,182907
Redditch,Redditch,WD,E07000236,E07000236,E10000034,52.3154,-1.93186,87847
Rushcliffe,Rushcliffe,WD,E07000176,E07000176,E10000024,52.926,-1.11718,126736
Sandwell,Sandwell,WD,E08000028,E08000028,E11000005,52.475,-1.97828,353860
Shropshire,Shropshire,WD,E06000051,E06000051,E99999999,52.7066,-2.72881,332455
Swale,Swale,WD,E07000113,E07000113,E10000016,51.3171,0.902479,158379
Sheffield,Sheffield,LOC,E08000019,E08000019,E11000003,53.3235,-1.5251,582493
Sheffield,Sheffield,LOC,E08000019,E08000019,E11000003,53.3356,-1.51235,582493
Gloucester,Gloucester,WD,E07000081,E07000081,E10000013,51.8423,-2.21069,138598
"West Suffolk","West Suffolk",WD,E07000245,E07000245,E10000029,52.2424,0.713914,188485
Shropshire,Shropshire,LOC,E06000051,E06000051,E99999999,52.8852,-2.73115,332455
Northumberland,Northumberland,LOC,E06000057,E06000057,E99999999,55.4246,-1.71683,331420
Gloucester,Gloucester,WD,E07000081,E07000081,E10000013,51.8453,-2.19649,138598
Lancaster,Lancaster,LOC,E07000121,E07000121,E10000017,53.9837,-2.67019,145006
"Cheshire West and Chester","Cheshire West and Chester",LOC,E06000050,E06000050,E99999999,53.2067,-2.90152,371652
"Stratford on Avon",Stratford-on-Avon,LOC,E07000221,E07000221,E10000031,52.1496,-1.90102,146258
Torridge,Torridge,LOC,E07000046,E07000046,E10000008,50.8974,-4.29942,69841
Torridge,Torridge,PAR,E07000046,E07000046,E10000008,50.8954,-4.3085,69841
"East Staffordshire","East Staffordshire",BUA,E07000193,E07000193,E10000028,52.819,-1.88014,129659
"East Staffordshire","East Staffordshire",LOC,E07000193,E07000193,E10000028,52.8172,-1.87726,129659
"East Staffordshire","East Staffordshire",PAR,E07000193,E07000193,E10000028,52.8251,-1.87208,129659
"Staffordshire Moorlands","Staffordshire Moorlands",LOC,E07000198,E07000198,E10000028,52.9949,-1.97091,96651
"Three Rivers","Three Rivers",WD,E07000102,E07000102,E10000015,51.7073,-0.417705,95807
"Three Rivers","Three Rivers",WD,E07000102,E07000102,E10000015,51.7232,-0.412431,95807
"Three Rivers","Three Rivers",CED,E07000102,E07000102,E10000015,51.7081,-0.430327,95807
"Three Rivers","Three Rivers",CED,E07000102,E07000102,E10000015,51.6994,-0.422496,95807
Dacorum,Dacorum,BUA,E07000096,E07000096,E10000015,51.7141,-0.454582,161420
"Three Rivers","Three Rivers",BUA,E07000102,E07000102,E10000015,51.7054,-0.41447,95807
"Three Rivers","Three Rivers",LOC,E07000102,E07000102,E10000015,51.7057,-0.417528,95807
"Three Rivers","Three Rivers",PAR,E07000102,E07000102,E10000015,51.7219,-0.428025,95807
"Three Rivers","Three Rivers",PAR,E07000102,E07000102,E10000015,51.698,-0.421575,95807
"North Somerset","North Somerset",BUA,E06000024,E06000024,E99999999,51.4643,-2.65531,224578
"North Somerset","North Somerset",LOC,E06000024,E06000024,E99999999,51.4607,-2.66643,224578
"North Somerset","North Somerset",PAR,E06000024,E06000024,E99999999,51.4639,-2.66112,224578
Wychavon,Wychavon,LOC,E07000238,E07000238,E10000034,52.194,-1.96038,138017
Wychavon,Wychavon,PAR,E07000238,E07000238,E10000034,52.1891,-1.95246,138017
Huntingdonshire,Huntingdonshire,BUA,E07000011,E07000011,E10000003,52.3858,-0.191661,190619
Huntingdonshire,Huntingdonshire,LOC,E07000011,E07000011,E10000003,52.3872,-0.193268,190619
Huntingdonshire,Huntingdonshire,PAR,E07000011,E07000011,E10000003,52.3889,-0.191273,190619
"Stratford on Avon",Stratford-on-Avon,LOC,E07000221,E07000221,E10000031,52.1496,-1.90102,146258
Winchester,Winchester,LOC,E07000094,E07000094,E10000014,51.0896,-1.29317,135632
Tewkesbury,Tewkesbury,LOC,E07000083,E07000083,E10000013,51.9176,-1.95126,101949
"West Berkshire","West Berkshire",LOC,E06000037,E06000037,E99999999,51.406,-1.07553,165112
Dorset,Dorset,BUA,E06000059,E06000059,E99999999,50.6654,-2.59814,389947
Teignbridge,Teignbridge,LOC,E07000045,E07000045,E10000008,50.532,-3.61133,138548
Dorset,Dorset,PAR,E06000059,E06000059,E99999999,50.6586,-2.5909,389947
"Mid Sussex","Mid Sussex",LOC,E07000228,E07000228,E10000032,50.9729,-0.14444,161755
Torridge,Torridge,LOC,E07000046,E07000046,E10000008,51.0161,-4.24745,69841
Torridge,Torridge,PAR,E07000046,E07000046,E10000008,51.022,-4.25579,69841
"South Gloucestershire","South Gloucestershire",LOC,E06000025,E06000025,E99999999,51.615,-2.45131,306332
Teignbridge,Teignbridge,BUA,E07000045,E07000045,E10000008,50.5084,-3.61508,138548
Teignbridge,Teignbridge,LOC,E07000045,E07000045,E10000008,50.5076,-3.6134,138548
Teignbridge,Teignbridge,PAR,E07000045,E07000045,E10000008,50.5046,-3.61283,138548
"South Hams","South Hams",LOC,E07000044,E07000044,E10000008,50.3268,-3.68586,92148
Huntingdonshire,Huntingdonshire,BUA,E07000011,E07000011,E10000003,52.193,-0.203215,190619
Huntingdonshire,Huntingdonshire,LOC,E07000011,E07000011,E10000003,52.1932,-0.202915,190619
Huntingdonshire,Huntingdonshire,PAR,E07000011,E07000011,E10000003,52.2087,-0.215869,190619
Winchester,Winchester,LOC,E07000094,E07000094,E10000014,51.1074,-1.19506,135632
Guildford,Guildford,LOC,E07000209,E07000209,E10000030,51.2519,-0.559175,151359
Wychavon,Wychavon,LOC,E07000238,E07000238,E10000034,52.1418,-2.16071,138017
Dorset,Dorset,LOC,E06000059,E06000059,E99999999,50.8068,-2.02112,389947
"Cheshire West and Chester","Cheshire West and Chester",LOC,E06000050,E06000050,E99999999,53.2039,-2.9035,371652
Mansfield,Mansfield,WD,E07000174,E07000174,E10000024,53.1547,-1.22008,113138
"Test Valley","Test Valley",BUA,E07000093,E07000093,E10000014,51.188,-1.53045,135201
"Test Valley","Test Valley",LOC,E07000093,E07000093,E10000014,51.1911,-1.52917,135201
"Test Valley","Test Valley",PAR,E07000093,E07000093,E10000014,51.1836,-1.53669,135201
Winchester,Winchester,LOC,E07000094,E07000094,E10000014,51.0776,-1.30621,135632
Dorset,Dorset,LOC,E06000059,E06000059,E99999999,50.7642,-2.88094,389947
Wiltshire,Wiltshire,LOC,E06000054,E06000054,E99999999,51.3288,-1.79702,523700
"South Norfolk","South Norfolk",LOC,E07000149,E07000149,E10000020,52.3695,1.2244,148448
Chorley,Chorley,LOC,E07000118,E07000118,E10000017,53.7004,-2.54375,120839
Shropshire,Shropshire,LOC,E06000051,E06000051,E99999999,52.4023,-2.89703,332455
Shropshire,Shropshire,PAR,E06000051,E06000051,E99999999,52.4833,-2.64072,332455
Rotherham,Rotherham,LOC,E08000018,E08000018,E11000003,53.4841,-1.35498,276595
"Forest of Dean","Forest of Dean",LOC,E07000080,E07000080,E10000013,51.8542,-2.47693,89753
Bolton,Bolton,LOC,E08000001,E08000001,E11000001,53.5967,-2.6089,310085
Leeds,Leeds,BUA,E08000035,E08000035,E11000006,53.8326,-1.34318,845189
Leeds,Leeds,LOC,E08000035,E08000035,E11000006,53.8292,-1.34072,845189
Leeds,Leeds,PAR,E08000035,E08000035,E11000006,53.8429,-1.35248,845189
"South Hams","South Hams",LOC,E07000044,E07000044,E10000008,50.467,-3.72607,92148
"Vale of White Horse","Vale of White Horse",WD,E07000180,E07000180,E10000025,51.6761,-1.27805,149347
"Vale of White Horse","Vale of White Horse",WD,E07000180,E07000180,E10000025,51.6611,-1.29017,149347
"Vale of White Horse","Vale of White Horse",WD,E07000180,E07000180,E10000025,51.6857,-1.28949,149347
"Vale of White Horse","Vale of White Horse",WD,E07000180,E07000180,E10000025,51.6888,-1.27733,149347
"Vale of White Horse","Vale of White Horse",CED,E07000180,E07000180,E10000025,51.6731,-1.27059,149347
"Vale of White Horse","Vale of White Horse",WD,E07000180,E07000180,E10000025,51.6711,-1.29822,149347
"Vale of White Horse","Vale of White Horse",CED,E07000180,E07000180,E10000025,51.6857,-1.28949,149347
"Vale of White Horse","Vale of White Horse",CED,E07000180,E07000180,E10000025,51.6845,-1.28006,149347
"Vale of White Horse","Vale of White Horse",WD,E07000180,E07000180,E10000025,51.6743,-1.26564,149347
"Vale of White Horse","Vale of White Horse",CED,E07000180,E07000180,E10000025,51.6654,-1.29547,149347
"Vale of White Horse","Vale of White Horse",PAR,E07000180,E07000180,E10000025,51.6857,-1.28949,149347
"Vale of White Horse","Vale of White Horse",PAR,E07000180,E07000180,E10000025,51.6752,-1.28336,149347
"South Oxfordshire","South Oxfordshire",BUA,E07000179,E07000179,E10000025,51.6668,-1.27789,156470
"Vale of White Horse","Vale of White Horse",BUA,E07000180,E07000180,E10000025,51.676,-1.28293,149347
"Vale of White Horse","Vale of White Horse",LOC,E07000180,E07000180,E10000025,51.6701,-1.28098,149347
"Kensington and Chelsea","Kensington and Chelsea",WD,E09000020,E09000020,E13000001,51.4966,-0.196652,144518
"Mole Valley","Mole Valley",LOC,E07000210,E07000210,E10000030,51.1909,-0.387788,88709
"Mole Valley","Mole Valley",BUA,E07000210,E07000210,E10000030,51.1987,-0.403033,88709
"Mole Valley","Mole Valley",LOC,E07000210,E07000210,E10000030,51.2008,-0.401886,88709
"Mole Valley","Mole Valley",LOC,E07000210,E07000210,E10000030,51.2141,-0.43145,88709
"Mole Valley","Mole Valley",PAR,E07000210,E07000210,E10000030,51.136,-0.384956,88709
"West Northamptonshire","West Northamptonshire",LOC,E06000062,E06000062,E99999999,52.2413,-0.851818,439811
"West Northamptonshire","West Northamptonshire",WD,E06000062,E06000062,E99999999,52.2399,-0.878435,439811
"West Northamptonshire","West Northamptonshire",WD,E06000062,E06000062,E99999999,52.2463,-0.872429,439811
"West Northamptonshire","West Northamptonshire",LOC,E06000062,E06000062,E99999999,52.2494,-0.864587,439811
Horsham,Horsham,BUA,E07000227,E07000227,E10000032,50.9402,-0.432502,151521
Horsham,Horsham,LOC,E07000227,E07000227,E10000032,50.9373,-0.428728,151521
Cotswold,Cotswold,LOC,E07000079,E07000079,E10000013,51.7664,-1.84941,91661
Wiltshire,Wiltshire,LOC,E06000054,E06000054,E99999999,51.2206,-1.77373,523700
Lichfield,Lichfield,LOC,E07000194,E07000194,E10000028,52.69,-1.85749,111932
"Derbyshire Dales","Derbyshire Dales",PAR,E07000035,E07000035,E10000007,53.313,-1.70727,71757
"Derbyshire Dales","Derbyshire Dales",LOC,E07000035,E07000035,E10000007,53.3148,-1.70443,71757
"Staffordshire Moorlands","Staffordshire Moorlands",LOC,E07000198,E07000198,E10000028,53.0507,-1.97744,96651
Lancaster,Lancaster,LOC,E07000121,E07000121,E10000017,54.0442,-2.81774,145006
Wigan,Wigan,LOC,E08000010,E08000010,E11000001,53.5083,-2.58501,344922
Wigan,Wigan,LOC,E08000010,E08000010,E11000001,53.5087,-2.59557,344922
Wigan,Wigan,WD,E08000010,E08000010,E11000001,53.5132,-2.59456,344922
"Epping Forest","Epping Forest",BUA,E07000072,E07000072,E10000012,51.65,0.119886,137451
"Epping Forest","Epping Forest",LOC,E07000072,E07000072,E10000012,51.6503,0.117948,137451
Fareham,Fareham,LOC,E07000087,E07000087,E10000014,50.8474,-1.26597,115428
"South Gloucestershire","South Gloucestershire",LOC,E06000025,E06000025,E99999999,51.472,-2.42657,306332
"West Northamptonshire","West Northamptonshire",LOC,E06000062,E06000062,E99999999,52.1125,-1.05275,439811
"West Northamptonshire","West Northamptonshire",PAR,E06000062,E06000062,E99999999,52.1066,-1.04505,439811
Stroud,Stroud,LOC,E07000082,E07000082,E10000013,51.7054,-2.46089,125680
"East Lindsey","East Lindsey",PAR,E07000137,E07000137,E10000019,53.2828,0.134978,145183
"East Lindsey","East Lindsey",LOC,E07000137,E07000137,E10000019,53.2834,0.116752,145183
York,York,BUA,E06000014,E06000014,E99999999,53.8999,-1.10508,209301
York,York,LOC,E06000014,E06000014,E99999999,53.9019,-1.10689,209301
York,York,PAR,E06000014,E06000014,E99999999,53.8953,-1.11352,209301
"North Devon","North Devon",LOC,E07000043,E07000043,E10000008,51.0754,-3.93834,101222
Hyndburn,Hyndburn,CED,E07000120,E07000120,E10000017,53.7688,-2.34043,86058
Hyndburn,Hyndburn,CED,E07000120,E07000120,E10000017,53.7435,-2.34452,86058
Hyndburn,Hyndburn,CED,E07000120,E07000120,E10000017,53.7483,-2.38212,86058
Hyndburn,Hyndburn,BUA,E07000120,E07000120,E10000017,53.7524,-2.36215,86058
Rossendale,Rossendale,BUA,E07000125,E07000125,E10000017,53.7282,-2.33897,73045
Hyndburn,Hyndburn,LOC,E07000120,E07000120,E10000017,53.7528,-2.34726,86058
"North Northamptonshire","North Northamptonshire",LOC,E06000061,E06000061,E99999999,52.4341,-0.498123,373871
"Cheshire East","Cheshire East",LOC,E06000049,E06000049,E99999999,53.127,-2.22862,421298
Dover,Dover,LOC,E07000108,E07000108,E10000016,51.2197,1.20923,119768
Middlesbrough,Middlesbrough,LOC,E06000002,E06000002,E99999999,54.5433,-1.25414,156161
Middlesbrough,Middlesbrough,WD,E06000002,E06000002,E99999999,54.5461,-1.24626,156161
Shropshire,Shropshire,BUA,E06000051,E06000051,E99999999,52.5863,-2.33852,332455
Shropshire,Shropshire,LOC,E06000051,E06000051,E99999999,52.5841,-2.33825,332455
Northumberland,Northumberland,LOC,E06000057,E06000057,E99999999,55.3167,-1.67191,331420
Northumberland,Northumberland,BUA,E06000057,E06000057,E99999999,55.3109,-1.63918,331420
Northumberland,Northumberland,LOC,E06000057,E06000057,E99999999,55.3099,-1.65014,331420
Northumberland,Northumberland,PAR,E06000057,E06000057,E99999999,55.3084,-1.64212,331420
Wakefield,Wakefield,LOC,E08000036,E08000036,E11000006,53.6934,-1.37662,367666
Wakefield,Wakefield,BUA,E08000036,E08000036,E11000006,53.6421,-1.34212,367666
Wakefield,Wakefield,LOC,E08000036,E08000036,E11000006,53.6382,-1.3428,367666
Wakefield,Wakefield,LOC,E08000036,E08000036,E11000006,53.6555,-1.32982,367666
Wakefield,Wakefield,LOC,E08000036,E08000036,E11000006,53.65,-1.32521,367666
Wakefield,Wakefield,WD,E08000036,E08000036,E11000006,53.6255,-1.27327,367666
Wakefield,Wakefield,PAR,E08000036,E08000036,E11000006,53.6574,-1.32233,367666
Broadland,Broadland,CED,E07000144,E07000144,E10000020,52.6214,1.52847,138157
Broadland,Broadland,CED,E07000144,E07000144,E10000020,52.6042,1.60219,138157
Broadland,Broadland,BUA,E07000144,E07000144,E10000020,52.64,1.548,138157
Broadland,Broadland,LOC,E07000144,E07000144,E10000020,52.6394,1.54822,138157
Broadland,Broadland,PAR,E07000144,E07000144,E10000020,52.633,1.53754,138157
Broadland,Broadland,PAR,E07000144,E07000144,E10000020,52.6346,1.56724,138157
Broadland,Broadland,WD,E07000144,E07000144,E10000020,52.633,1.53754,138157
Broadland,Broadland,WD,E07000144,E07000144,E10000020,52.6346,1.56724,138157
Birmingham,Birmingham,LOC,E08000025,E08000025,E11000005,52.4463,-1.83062,1183618
Birmingham,Birmingham,LOC,E08000025,E08000025,E11000005,52.4457,-1.82716,1183618
Birmingham,Birmingham,WD,E08000025,E08000025,E11000005,52.4428,-1.82372,1183618
Thanet,Thanet,LOC,E07000114,E07000114,E10000016,51.3561,1.31282,142691
Thanet,Thanet,PAR,E07000114,E07000114,E10000016,51.357,1.31865,142691
Northumberland,Northumberland,LOC,E06000057,E06000057,E99999999,54.9716,-1.92545,331420
Northumberland,Northumberland,BUA,E06000057,E06000057,E99999999,54.9921,-2.11067,331420
York,York,LOC,E06000014,E06000014,E99999999,53.9562,-1.12765,209301
Northumberland,Northumberland,PAR,E06000057,E06000057,E99999999,54.9962,-2.09546,331420
York,York,WD,E06000014,E06000014,E99999999,53.9649,-1.12881,209301
Rossendale,Rossendale,LOC,E07000125,E07000125,E10000017,53.6906,-2.21879,73045
"Cheshire East","Cheshire East",LOC,E06000049,E06000049,E99999999,53.2437,-2.26655,421298
Bradford,Bradford,LOC,E08000032,E08000032,E11000006,53.8547,-1.77269,563605
Chichester,Chichester,LOC,E07000225,E07000225,E10000032,50.7844,-0.870085,128934
Oldham,Oldham,LOC,E08000004,E08000004,E11000001,53.55,-2.09581,251560
Rossendale,Rossendale,LOC,E07000125,E07000125,E10000017,53.7196,-2.3235,73045
Uttlesford,Uttlesford,LOC,E07000077,E07000077,E10000012,51.8076,0.383251,95106
Sheffield,Sheffield,LOC,E08000019,E08000019,E11000003,53.382,-1.41936,582493
"Newcastle under Lyme",Newcastle-under-Lyme,LOC,E07000195,E07000195,E10000028,53.0754,-2.24029,127727
Oldham,Oldham,LOC,E08000004,E08000004,E11000001,53.5582,-2.16527,251560
"North West Leicestershire","North West Leicestershire",LOC,E07000134,E07000134,E10000018,52.7147,-1.55883,111881
"South Derbyshire","South Derbyshire",LOC,E07000039,E07000039,E10000007,52.7155,-1.56055,117493
"Folkestone and Hythe","Folkestone and Hythe",LOC,E07000112,E07000112,E10000016,51.1386,1.13622,112411
"Folkestone and Hythe","Folkestone and Hythe",PAR,E07000112,E07000112,E10000016,51.1392,1.14322,112411
"Cheshire West and Chester","Cheshire West and Chester",BUA,E06000050,E06000050,E99999999,53.277,-2.61325,371652
"Cheshire West and Chester","Cheshire West and Chester",LOC,E06000050,E06000050,E99999999,53.2735,-2.60654,371652
"Cheshire West and Chester","Cheshire West and Chester",PAR,E06000050,E06000050,E99999999,53.2743,-2.61206,371652
"Cheshire West and Chester","Cheshire West and Chester",PAR,E06000050,E06000050,E99999999,53.2783,-2.5995,371652
Shropshire,Shropshire,BUA,E06000051,E06000051,E99999999,52.615,-2.6903,332455
Shropshire,Shropshire,LOC,E06000051,E06000051,E99999999,52.6139,-2.69431,332455
Shropshire,Shropshire,PAR,E06000051,E06000051,E99999999,52.6141,-2.68605,332455
Cornwall,Cornwall,LOC,E06000052,E06000052,E99999999,50.1054,-5.42708,583289
Ealing,Ealing,WD,E09000009,E09000009,E13000002,51.5149,-0.270717,385985
"South Staffordshire","South Staffordshire",LOC,E07000196,E07000196,E10000028,52.7708,-2.10768,114423
Warrington,Warrington,LOC,E06000007,E06000007,E99999999,53.3576,-2.62036,215391
Ealing,Ealing,LOC,E09000009,E09000009,E13000002,51.5075,-0.270132,385985
"South Staffordshire","South Staffordshire",LOC,E07000196,E07000196,E10000028,52.7757,-2.08298,114423
Ealing,Ealing,LOC,E09000009,E09000009,E13000002,51.5078,-0.259314,385985
Shropshire,Shropshire,LOC,E06000051,E06000051,E99999999,52.6205,-2.67798,332455
Shropshire,Shropshire,LOC,E06000051,E06000051,E99999999,52.8079,-2.69425,332455
Shropshire,Shropshire,LOC,E06000051,E06000051,E99999999,52.5567,-2.53745,332455
Shropshire,Shropshire,PAR,E06000051,E06000051,E99999999,52.5557,-2.54264,332455
Shropshire,Shropshire,LOC,E06000051,E06000051,E99999999,52.5048,-2.80562,332455
Shropshire,Shropshire,PAR,E06000051,E06000051,E99999999,52.4949,-2.80374,332455
"South Staffordshire","South Staffordshire",PAR,E07000196,E07000196,E10000028,52.7569,-2.07294,114423
"South Staffordshire","South Staffordshire",BUA,E07000196,E07000196,E10000028,52.7605,-2.09561,114423
"South Staffordshire","South Staffordshire",LOC,E07000196,E07000196,E10000028,52.7681,-2.10594,114423
"South Gloucestershire","South Gloucestershire",BUA,E06000025,E06000025,E99999999,51.5269,-2.27547,306332
"South Gloucestershire","South Gloucestershire",LOC,E06000025,E06000025,E99999999,51.5276,-2.27479,306332
"South Gloucestershire","South Gloucestershire",PAR,E06000025,E06000025,E99999999,51.5239,-2.27493,306332
Ealing,Ealing,LOC,E09000009,E09000009,E13000002,51.5139,-0.251872,385985
Wychavon,Wychavon,LOC,E07000238,E07000238,E10000034,52.3004,-2.22947,138017
Ealing,Ealing,LOC,E09000009,E09000009,E13000002,51.5016,-0.273684,385985
Ealing,Ealing,LOC,E09000009,E09000009,E13000002,51.5184,-0.281968,385985
Ashford,Ashford,LOC,E07000105,E07000105,E10000016,51.0177,0.717245,140936
"Cheshire East","Cheshire East",LOC,E06000049,E06000049,E99999999,53.0729,-2.55021,421298
Dorset,Dorset,LOC,E06000059,E06000059,E99999999,50.6051,-2.01834,389947
Ealing,Ealing,LOC,E09000009,E09000009,E13000002,51.5079,-0.270115,385985
"Newcastle under Lyme",Newcastle-under-Lyme,LOC,E07000195,E07000195,E10000028,52.9684,-2.26501,127727
Northumberland,Northumberland,LOC,E06000057,E06000057,E99999999,55.3163,-1.70957,331420
Shropshire,Shropshire,LOC,E06000051,E06000051,E99999999,52.4575,-3.01206,332455
Wychavon,Wychavon,LOC,E07000238,E07000238,E10000034,52.2878,-2.22647,138017
"Cheshire East","Cheshire East",PAR,E06000049,E06000049,E99999999,53.0675,-2.55181,421298
"Cheshire West and Chester","Cheshire West and Chester",LOC,E06000050,E06000050,E99999999,53.2779,-2.6306,371652
Dorset,Dorset,LOC,E06000059,E06000059,E99999999,50.8653,-2.64567,389947
"South Gloucestershire","South Gloucestershire",LOC,E06000025,E06000025,E99999999,51.5283,-2.47039,306332
Dorset,Dorset,LOC,E06000059,E06000059,E99999999,50.8653,-2.64567,389947
Bromsgrove,Bromsgrove,LOC,E07000234,E07000234,E10000034,52.4141,-2.1098,101685
Stafford,Stafford,LOC,E07000197,E07000197,E10000028,52.8529,-2.34812,141556
Stafford,Stafford,PAR,E07000197,E07000197,E10000028,52.8669,-2.38124,141556
Stafford,Stafford,PAR,E07000197,E07000197,E10000028,52.8536,-2.34165,141556
Dorset,Dorset,LOC,E06000059,E06000059,E99999999,50.9796,-2.57332,389947
Rushcliffe,Rushcliffe,LOC,E07000176,E07000176,E10000024,52.9384,-1.10604,126736
"Basingstoke and Deane","Basingstoke and Deane",LOC,E07000084,E07000084,E10000014,51.367,-1.30242,193110
Shropshire,Shropshire,LOC,E06000051,E06000051,E99999999,52.7695,-2.86261,332455
"Cheshire East","Cheshire East",LOC,E06000049,E06000049,E99999999,53.2893,-2.20323,421298
Cherwell,Cherwell,BUA,E07000177,E07000177,E10000025,52.0164,-1.31218,170426
Cherwell,Cherwell,WD,E07000177,E07000177,E10000025,52.0183,-1.33802,170426
Cherwell,Cherwell,LOC,E07000177,E07000177,E10000025,52.0181,-1.31361,170426
Cherwell,Cherwell,LOC,E07000177,E07000177,E10000025,52.0125,-1.32608,170426
Cherwell,Cherwell,LOC,E07000177,E07000177,E10000025,52.0169,-1.31175,170426
Cherwell,Cherwell,PAR,E07000177,E07000177,E10000025,52.015,-1.30694,170426
"Stoke on Trent",Stoke-on-Trent,LOC,E06000021,E06000021,E99999999,53.0012,-2.12394,270425
Shropshire,Shropshire,LOC,E06000051,E06000051,E99999999,52.9543,-2.50372,332455
Shropshire,Shropshire,PAR,E06000051,E06000051,E99999999,52.9681,-2.52266,332455
Shropshire,Shropshire,PAR,E06000051,E06000051,E99999999,52.9454,-2.51819,332455
"Cheshire East","Cheshire East",LOC,E06000049,E06000049,E99999999,53.2893,-2.20323,421298
Northumberland,Northumberland,PAR,E06000057,E06000057,E99999999,55.5556,-1.78165,331420
Cornwall,Cornwall,LOC,E06000052,E06000052,E99999999,50.5307,-4.40192,583289
Wakefield,Wakefield,LOC,E08000036,E08000036,E11000006,53.6545,-1.55301,367666
Bradford,Bradford,LOC,E08000032,E08000032,E11000006,53.9261,-1.88696,563605
Bradford,Bradford,BUA,E08000032,E08000032,E11000006,53.9445,-1.88718,563605
Bradford,Bradford,LOC,E08000032,E08000032,E11000006,53.944,-1.88276,563605
Bradford,Bradford,PAR,E08000032,E08000032,E11000006,53.9394,-1.89123,563605
Bradford,Bradford,PAR,E08000032,E08000032,E11000006,53.9545,-1.87914,563605
Lancaster,Lancaster,LOC,E07000121,E07000121,E10000017,54.1082,-2.72114,145006
"Tonbridge and Malling","Tonbridge and Malling",BUA,E07000115,E07000115,E10000016,51.3058,0.376352,136853
Cornwall,Cornwall,LOC,E06000052,E06000052,E99999999,50.4611,-4.46095,583289
Croydon,Croydon,LOC,E09000008,E09000008,E13000002,51.3599,-0.033665,409342
Buckinghamshire,Buckinghamshire,PAR,E06000060,E06000060,E99999999,51.9515,-0.914879,578772
"Tonbridge and Malling","Tonbridge and Malling",PAR,E07000115,E07000115,E10000016,51.3041,0.365772,136853
Croydon,Croydon,WD,E09000008,E09000008,E13000002,51.3801,-0.069571,409342
Croydon,Croydon,WD,E09000008,E09000008,E13000002,51.3788,-0.087303,409342
Croydon,Croydon,LOC,E09000008,E09000008,E13000002,51.3775,-0.070268,409342
"West Devon","West Devon",LOC,E07000047,E07000047,E10000008,50.7248,-3.88856,58923
Gateshead,Gateshead,LOC,E08000037,E08000037,E11000007,54.9726,-1.74142,202760
"Hammersmith and Fulham","Hammersmith and Fulham",WD,E09000013,E09000013,E13000001,51.5003,-0.219515,188687
"Tonbridge and Malling","Tonbridge and Malling",LOC,E07000115,E07000115,E10000016,51.2123,0.376059,136853
Runnymede,Runnymede,CED,E07000212,E07000212,E10000030,51.3727,-0.48977,92118
Runnymede,Runnymede,WD,E07000212,E07000212,E10000030,51.3743,-0.494374,92118
Runnymede,Runnymede,WD,E07000212,E07000212,E10000030,51.3687,-0.489772,92118
Runnymede,Runnymede,BUA,E07000212,E07000212,E10000030,51.3704,-0.489543,92118
Runnymede,Runnymede,LOC,E07000212,E07000212,E10000030,51.3689,-0.495167,92118
Runnymede,Runnymede,LOC,E07000212,E07000212,E10000030,51.3806,-0.491192,92118
"East Lindsey","East Lindsey",LOC,E07000137,E07000137,E10000019,53.195,0.317127,145183
"East Lindsey","East Lindsey",PAR,E07000137,E07000137,E10000019,53.1908,0.311736,145183
"East Lindsey","East Lindsey",PAR,E07000137,E07000137,E10000019,53.2134,0.319706,145183
Leeds,Leeds,WD,E08000035,E08000035,E11000006,53.8805,-1.60722,845189
Leeds,Leeds,WD,E08000035,E08000035,E11000006,53.8634,-1.58216,845189
Leeds,Leeds,LOC,E08000035,E08000035,E11000006,53.851,-1.56825,845189
Leeds,Leeds,LOC,E08000035,E08000035,E11000006,53.8519,-1.58344,845189
"East Cambridgeshire","East Cambridgeshire",LOC,E07000009,E07000009,E10000003,52.4091,0.299392,92906
Preston,Preston,LOC,E07000123,E07000123,E10000017,53.7662,-2.70865,162864
"Telford and Wrekin","Telford and Wrekin",LOC,E06000020,E06000020,E99999999,52.763,-2.44352,195952
Dacorum,Dacorum,WD,E07000096,E07000096,E10000015,51.7616,-0.43944,161420
Dacorum,Dacorum,WD,E07000096,E07000096,E10000015,51.7533,-0.456677,161420
Dacorum,Dacorum,LOC,E07000096,E07000096,E10000015,51.7546,-0.451231,161420
"Isle of Wight","Isle of Wight",LOC,E06000046,E06000046,E99999999,50.6715,-1.1605,141660
Canterbury,Canterbury,BUA,E07000106,E07000106,E10000016,51.2404,1.18879,162100
Canterbury,Canterbury,LOC,E07000106,E07000106,E10000016,51.2383,1.18683,162100
Canterbury,Canterbury,PAR,E07000106,E07000106,E10000016,51.2362,1.17958,162100
Cotswold,Cotswold,LOC,E07000079,E07000079,E10000013,51.9412,-1.64727,91661
Cotswold,Cotswold,PAR,E07000079,E07000079,E10000013,51.9421,-1.6426,91661
"East Riding of Yorkshire","East Riding of Yorkshire",LOC,E06000011,E06000011,E99999999,53.6799,-0.716854,355884
Chorley,Chorley,WD,E07000118,E07000118,E10000017,53.6374,-2.54179,120839
"Cheshire East","Cheshire East",BUA,E06000049,E06000049,E99999999,53.3198,-2.13019,421298
Bolton,Bolton,BUA,E08000001,E08000001,E11000001,53.6079,-2.59857,310085
Chorley,Chorley,BUA,E07000118,E07000118,E10000017,53.6164,-2.60283,120839
"Cheshire East","Cheshire East",LOC,E06000049,E06000049,E99999999,53.3208,-2.1293,421298
Chorley,Chorley,LOC,E07000118,E07000118,E10000017,53.6173,-2.59737,120839
Chorley,Chorley,PAR,E07000118,E07000118,E10000017,53.6124,-2.61166,120839
"Cheshire East","Cheshire East",PAR,E06000049,E06000049,E99999999,53.3217,-2.12191,421298
Stockport,Stockport,PAR,E08000007,E08000007,E11000001,53.3323,-2.15166,303929
"Telford and Wrekin","Telford and Wrekin",WD,E06000020,E06000020,E99999999,52.7223,-2.54344,195952
"East Staffordshire","East Staffordshire",LOC,E07000193,E07000193,E10000028,52.8062,-1.92698,129659
"Telford and Wrekin","Telford and Wrekin",LOC,E06000020,E06000020,E99999999,52.713,-2.55033,195952
Pendle,Pendle,LOC,E07000122,E07000122,E10000017,53.8762,-2.22584,99777
"Stratford on Avon",Stratford-on-Avon,LOC,E07000221,E07000221,E10000031,52.1159,-1.70571,146258
"Stratford on Avon",Stratford-on-Avon,PAR,E07000221,E07000221,E10000031,52.1037,-1.71547,146258
Rugby,Rugby,CED,E07000220,E07000220,E10000031,52.3555,-1.31459,122378
Rugby,Rugby,CED,E07000220,E07000220,E10000031,52.3642,-1.29619,122378
Rugby,Rugby,WD,E07000220,E07000220,E10000031,52.3555,-1.31459,122378
Rugby,Rugby,WD,E07000220,E07000220,E10000031,52.3632,-1.30064,122378
Chichester,Chichester,LOC,E07000225,E07000225,E10000032,50.8782,-0.870093,128934
Chichester,Chichester,LOC,E07000225,E07000225,E10000032,50.8767,-0.870753,128934
"Forest of Dean","Forest of Dean",LOC,E07000080,E07000080,E10000013,51.8304,-2.40455,89753
Buckinghamshire,Buckinghamshire,LOC,E06000060,E06000060,E99999999,51.9655,-0.927713,578772
Buckinghamshire,Buckinghamshire,PAR,E06000060,E06000060,E99999999,51.9699,-0.919632,578772
"West Northamptonshire","West Northamptonshire",LOC,E06000062,E06000062,E99999999,52.1589,-1.13145,439811
"West Northamptonshire","West Northamptonshire",PAR,E06000062,E06000062,E99999999,52.1574,-1.13149,439811
Stockport,Stockport,LOC,E08000007,E08000007,E11000001,53.3892,-2.16913,303929
Adur,Adur,PAR,E07000223,E07000223,E10000032,50.8553,-0.264653,64889
Adur,Adur,PAR,E07000223,E07000223,E10000032,50.8358,-0.254754,64889
"Brighton and Hove","Brighton and Hove",PAR,E06000043,E06000043,E99999999,50.8317,-0.216578,283870
Horsham,Horsham,PAR,E07000227,E07000227,E10000032,50.8641,-0.296243,151521
Adur,Adur,NMD,E07000223,E07000223,E10000032,50.8668,-0.351045,64889
Adur,Adur,NMD,E07000223,E07000223,E10000032,50.854,-0.307494,64889
Adur,Adur,NMD,E07000223,E07000223,E10000032,50.8333,-0.288318,64889
"Brighton and Hove","Brighton and Hove",NMD,E06000043,E06000043,E99999999,50.8317,-0.216578,283870
Cornwall,Cornwall,PAR,E06000052,E06000052,E99999999,50.6111,-4.65409,583289
Horsham,Horsham,LOC,E07000227,E07000227,E10000032,50.9975,-0.474721,151521
Leeds,Leeds,LOC,E08000035,E08000035,E11000006,53.7495,-1.66083,845189
"South Oxfordshire","South Oxfordshire",LOC,E07000179,E07000179,E10000025,51.6904,-0.994036,156470
"South Oxfordshire","South Oxfordshire",PAR,E07000179,E07000179,E10000025,51.6947,-0.991668,156470
Doncaster,Doncaster,WD,E08000017,E08000017,E11000003,53.5712,-1.1824,319765
Doncaster,Doncaster,BUA,E08000017,E08000017,E11000003,53.5667,-1.19379,319765
Doncaster,Doncaster,LOC,E08000017,E08000017,E11000003,53.5744,-1.19276,319765
Doncaster,Doncaster,LOC,E08000017,E08000017,E11000003,53.5095,-1.29349,319765
Doncaster,Doncaster,PAR,E08000017,E08000017,E11000003,53.5081,-1.29496,319765
Torridge,Torridge,LOC,E07000046,E07000046,E10000008,50.7658,-4.36728,69841
Shropshire,Shropshire,LOC,E06000051,E06000051,E99999999,52.4741,-2.81913,332455
Shropshire,Shropshire,LOC,E06000051,E06000051,E99999999,52.4727,-2.80836,332455
Bury,Bury,LOC,E08000002,E08000002,E11000001,53.6188,-2.37111,198921
Dorset,Dorset,PAR,E06000059,E06000059,E99999999,50.7301,-2.26438,389947
Dorset,Dorset,PAR,E06000059,E06000059,E99999999,50.76,-2.26418,389947
Dorset,Dorset,LOC,E06000059,E06000059,E99999999,50.7417,-2.27625,389947
Cornwall,Cornwall,LOC,E06000052,E06000052,E99999999,50.1312,-5.35335,583289
"Isle of Wight","Isle of Wight",LOC,E06000046,E06000046,E99999999,50.6734,-1.50819,141660
"South Hams","South Hams",LOC,E07000044,E07000044,E10000008,50.4526,-3.63469,92148
"North West Leicestershire","North West Leicestershire",LOC,E07000134,E07000134,E10000018,52.7235,-1.32905,111881
"East Staffordshire","East Staffordshire",LOC,E07000193,E07000193,E10000028,52.8437,-1.80176,129659
Wakefield,Wakefield,LOC,E08000036,E08000036,E11000006,53.6689,-1.46764,367666
"Cheshire East","Cheshire East",LOC,E06000049,E06000049,E99999999,53.374,-2.42425,421298
"Cheshire East","Cheshire East",PAR,E06000049,E06000049,E99999999,53.3686,-2.42744,421298
"Cheshire West and Chester","Cheshire West and Chester",PAR,E06000050,E06000050,E99999999,52.9901,-2.7314,371652
Salford,Salford,LOC,E08000006,E08000006,E11000001,53.5114,-2.29628,294348
"Wyre Forest","Wyre Forest",WD,E07000239,E07000239,E10000034,52.3753,-2.23528,103913
"Wyre Forest","Wyre Forest",LOC,E07000239,E07000239,E10000034,52.3777,-2.24633,103913
Rother,Rother,LOC,E07000064,E07000064,E10000011,50.9054,0.418725,96133
Liverpool,Liverpool,LOC,E08000012,E08000012,E11000002,53.3766,-2.93421,508961
Liverpool,Liverpool,LOC,E08000012,E08000012,E11000002,53.37,-2.92655,508961
"Ribble Valley","Ribble Valley",PAR,E07000124,E07000124,E10000017,53.8552,-2.48847,65794
"East Riding of Yorkshire","East Riding of Yorkshire",LOC,E06000011,E06000011,E99999999,53.8983,-0.40699,355884
"East Lindsey","East Lindsey",LOC,E07000137,E07000137,E10000019,53.27,0.152506,145183
"Stratford on Avon",Stratford-on-Avon,LOC,E07000221,E07000221,E10000031,52.1572,-1.69782,146258
Peterborough,Peterborough,LOC,E06000031,E06000031,E99999999,52.5758,-0.352896,223655
Peterborough,Peterborough,PAR,E06000031,E06000031,E99999999,52.5922,-0.345856,223655
Dorset,Dorset,LOC,E06000059,E06000059,E99999999,50.6298,-2.00987,389947
"Epping Forest","Epping Forest",LOC,E07000072,E07000072,E10000012,51.707,0.019565,137451
Tendring,Tendring,LOC,E07000076,E07000076,E10000012,51.8408,1.06797,156759
Kirklees,Kirklees,LOC,E08000034,E08000034,E11000006,53.6705,-1.82304,447847
Sefton,Sefton,LOC,E08000014,E08000014,E11000002,53.598,-3.04154,286281
Sefton,Sefton,WD,E08000014,E08000014,E11000002,53.5994,-3.05609,286281
Bury,Bury,BUA,E08000002,E08000002,E11000001,53.5878,-2.3578,198921
Bury,Bury,LOC,E08000002,E08000002,E11000001,53.5865,-2.35647,198921
Sefton,Sefton,PAR,E08000014,E08000014,E11000002,53.4805,-2.94142,286281
Sefton,Sefton,BUA,E08000014,E08000014,E11000002,53.4833,-2.94032,286281
Sefton,Sefton,LOC,E08000014,E08000014,E11000002,53.4828,-2.93649,286281
Bradford,Bradford,LOC,E08000032,E08000032,E11000006,53.8412,-1.7875,563605
Bradford,Bradford,LOC,E08000032,E08000032,E11000006,53.8403,-1.78371,563605
Leeds,Leeds,LOC,E08000035,E08000035,E11000006,53.8729,-1.70795,845189
Wakefield,Wakefield,WD,E08000036,E08000036,E11000006,53.7267,-1.30935,367666
Wakefield,Wakefield,LOC,E08000036,E08000036,E11000006,53.7239,-1.31388,367666
Bradford,Bradford,LOC,E08000032,E08000032,E11000006,53.8726,-1.89213,563605
"East Riding of Yorkshire","East Riding of Yorkshire",BUA,E06000011,E06000011,E99999999,53.7194,-0.899874,355884
"East Riding of Yorkshire","East Riding of Yorkshire",LOC,E06000011,E06000011,E99999999,53.719,-0.902809,355884
"East Riding of Yorkshire","East Riding of Yorkshire",PAR,E06000011,E06000011,E99999999,53.7076,-0.932905,355884
"South Kesteven","South Kesteven",LOC,E07000141,E07000141,E10000019,52.937,-0.494903,147151
"West Lindsey","West Lindsey",LOC,E07000142,E07000142,E10000019,53.4268,-0.690927,99208
"South Hams","South Hams",LOC,E07000044,E07000044,E10000008,50.4319,-3.84449,92148
"South Hams","South Hams",LOC,E07000044,E07000044,E10000008,50.4185,-3.6307,92148
"Stockton on Tees",Stockton-on-Tees,LOC,E06000004,E06000004,E99999999,54.505,-1.37687,206800
"Stockton on Tees",Stockton-on-Tees,PAR,E06000004,E06000004,E99999999,54.5061,-1.38547,206800
"West Lindsey","West Lindsey",BUA,E07000142,E07000142,E10000019,53.3164,-0.576824,99208
"West Lindsey","West Lindsey",LOC,E07000142,E07000142,E10000019,53.3104,-0.576994,99208
"West Lindsey","West Lindsey",PAR,E07000142,E07000142,E10000019,53.3102,-0.573488,99208
Northumberland,Northumberland,LOC,E06000057,E06000057,E99999999,55.5612,-2.06971,331420
Northumberland,Northumberland,PAR,E06000057,E06000057,E99999999,55.5516,-2.08041,331420
Northumberland,Northumberland,PAR,E06000057,E06000057,E99999999,55.5617,-2.0549,331420
Buckinghamshire,Buckinghamshire,BUA,E06000060,E06000060,E99999999,52.0322,-0.96832,578772
Buckinghamshire,Buckinghamshire,LOC,E06000060,E06000060,E99999999,52.0312,-0.969831,578772
Buckinghamshire,Buckinghamshire,PAR,E06000060,E06000060,E99999999,52.0362,-0.977166,578772
Wakefield,Wakefield,LOC,E08000036,E08000036,E11000006,53.6935,-1.36708,367666
Calderdale,Calderdale,LOC,E08000033,E08000033,E11000006,53.733,-1.86581,210929
Bexley,Bexley,LOC,E09000004,E09000004,E13000002,51.4323,0.120508,256434
Sunderland,Sunderland,LOC,E08000024,E08000024,E11000007,54.9082,-1.53954,288606
Cornwall,Cornwall,LOC,E06000052,E06000052,E99999999,50.5109,-4.22586,583289
Shropshire,Shropshire,PAR,E06000051,E06000051,E99999999,52.7127,-2.9134,332455
Shropshire,Shropshire,LOC,E06000051,E06000051,E99999999,52.7238,-2.93574,332455
Darlington,Darlington,LOC,E06000005,E06000005,E99999999,54.5345,-1.5402,112489
Westminster,Westminster,LOC,E09000033,E09000033,E13000001,51.5021,-0.177672,209996
Manchester,Manchester,LOC,E08000003,E08000003,E11000001,53.4259,-2.24,589670
Salford,Salford,LOC,E08000006,E08000006,E11000001,53.4998,-2.26303,294348
"North West Leicestershire","North West Leicestershire",LOC,E07000134,E07000134,E10000018,52.761,-1.55317,111881
Sandwell,Sandwell,LOC,E08000028,E08000028,E11000005,52.5156,-2.01839,353860
"Mid Sussex","Mid Sussex",LOC,E07000228,E07000228,E10000032,50.9373,-0.204027,161755
"Mid Sussex","Mid Sussex",LOC,E07000228,E07000228,E10000032,50.9346,-0.200815,161755
"Mid Sussex","Mid Sussex",BUA,E07000228,E07000228,E10000032,50.9342,-0.200761,161755
"Mid Sussex","Mid Sussex",LOC,E07000228,E07000228,E10000032,50.9314,-0.213164,161755
"Mid Sussex","Mid Sussex",PAR,E07000228,E07000228,E10000032,50.9169,-0.218999,161755
"Mid Sussex","Mid Sussex",PAR,E07000228,E07000228,E10000032,50.9329,-0.212808,161755
"Mid Sussex","Mid Sussex",PAR,E07000228,E07000228,E10000032,50.9205,-0.201632,161755
Shropshire,Shropshire,LOC,E06000051,E06000051,E99999999,52.754,-2.73888,332455
Shropshire,Shropshire,BUA,E06000051,E06000051,E99999999,52.6349,-2.28257,332455
Shropshire,Shropshire,LOC,E06000051,E06000051,E99999999,52.7596,-2.74683,332455
Shropshire,Shropshire,PAR,E06000051,E06000051,E99999999,52.6324,-2.28032,332455
Shropshire,Shropshire,WD,E06000051,E06000051,E99999999,52.6262,-2.27987,332455
"South Norfolk","South Norfolk",BUA,E07000149,E07000149,E10000020,52.4375,1.33204,148448
"South Norfolk","South Norfolk",LOC,E07000149,E07000149,E10000020,52.4412,1.32972,148448
"South Norfolk","South Norfolk",LOC,E07000149,E07000149,E10000020,52.4314,1.339,148448
"South Norfolk","South Norfolk",PAR,E07000149,E07000149,E10000020,52.4325,1.33285,148448
"East Hertfordshire","East Hertfordshire",LOC,E07000242,E07000242,E10000015,51.8936,0.076031,156875
Guildford,Guildford,BUA,E07000209,E07000209,E10000030,51.2101,-0.477587,151359
Guildford,Guildford,LOC,E07000209,E07000209,E10000030,51.2091,-0.485579,151359
Guildford,Guildford,BUA,E07000209,E07000209,E10000030,51.2195,-0.496666,151359
Guildford,Guildford,LOC,E07000209,E07000209,E10000030,51.2188,-0.496976,151359
"East Hertfordshire","East Hertfordshire",PAR,E07000242,E07000242,E10000015,51.903,0.092964,156875
Guildford,Guildford,PAR,E07000209,E07000209,E10000030,51.2118,-0.492422,151359
"North Norfolk","North Norfolk",LOC,E07000147,E07000147,E10000020,52.8614,1.25929,103217
"North Norfolk","North Norfolk",PAR,E07000147,E07000147,E10000020,52.8521,1.26656,103217
"North Norfolk","North Norfolk",LOC,E07000147,E07000147,E10000020,52.8496,1.29058,103217
Shropshire,Shropshire,LOC,E06000051,E06000051,E99999999,52.4792,-2.79699,332455
"Stratford on Avon",Stratford-on-Avon,WD,E07000221,E07000221,E10000031,52.1986,-1.86018,146258
"Stratford on Avon",Stratford-on-Avon,CED,E07000221,E07000221,E10000031,52.2051,-1.83986,146258
Birmingham,Birmingham,LOC,E08000025,E08000025,E11000005,52.4245,-1.89026,1183618
"Stratford on Avon",Stratford-on-Avon,WD,E07000221,E07000221,E10000031,52.2187,-1.86533,146258
"Stratford on Avon",Stratford-on-Avon,BUA,E07000221,E07000221,E10000031,52.2158,-1.86787,146258
Dorset,Dorset,LOC,E06000059,E06000059,E99999999,51.0028,-2.20776,389947
"Stratford on Avon",Stratford-on-Avon,PAR,E07000221,E07000221,E10000031,52.2069,-1.85992,146258
Cherwell,Cherwell,LOC,E07000177,E07000177,E10000025,51.8779,-1.16975,170426
Wealden,Wealden,LOC,E07000065,E07000065,E10000011,50.8311,0.137549,166908
Wealden,Wealden,PAR,E07000065,E07000065,E10000011,50.8278,0.12371,166908
Wealden,Wealden,PAR,E07000065,E07000065,E10000011,50.836,0.14688,166908
Wiltshire,Wiltshire,LOC,E06000054,E06000054,E99999999,51.4226,-2.27524,523700
Huntingdonshire,Huntingdonshire,CED,E07000011,E07000011,E10000003,52.374,-0.364923,190619
Huntingdonshire,Huntingdonshire,CED,E07000011,E07000011,E10000003,52.2865,-0.367355,190619
Huntingdonshire,Huntingdonshire,LOC,E07000011,E07000011,E10000003,52.388,-0.254279,190619
Huntingdonshire,Huntingdonshire,BUA,E07000011,E07000011,E10000003,52.3722,-0.231943,190619
Huntingdonshire,Huntingdonshire,BUA,E07000011,E07000011,E10000003,52.3771,-0.268667,190619
Huntingdonshire,Huntingdonshire,LOC,E07000011,E07000011,E10000003,52.3779,-0.270809,190619
Huntingdonshire,Huntingdonshire,PAR,E07000011,E07000011,E10000003,52.3758,-0.277222,190619
Huntingdonshire,Huntingdonshire,BUA,E07000011,E07000011,E10000003,52.3693,-0.257308,190619
Huntingdonshire,Huntingdonshire,LOC,E07000011,E07000011,E10000003,52.3688,-0.260089,190619
Huntingdonshire,Huntingdonshire,PAR,E07000011,E07000011,E10000003,52.3557,-0.262512,190619
Huntingdonshire,Huntingdonshire,WD,E07000011,E07000011,E10000003,52.3402,-0.334332,190619
Huntingdonshire,Huntingdonshire,WD,E07000011,E07000011,E10000003,52.3654,-0.263217,190619
"North Norfolk","North Norfolk",PAR,E07000147,E07000147,E10000020,52.8693,1.23551,103217
Redbridge,Redbridge,LOC,E09000026,E09000026,E13000002,51.5864,0.098808,321231
"North Norfolk","North Norfolk",BUA,E07000147,E07000147,E10000020,52.8614,1.2424,103217
Redbridge,Redbridge,WD,E09000026,E09000026,E13000002,51.5903,0.109454,321231
Wiltshire,Wiltshire,WD,E06000054,E06000054,E99999999,51.4646,-1.65298,523700
Wiltshire,Wiltshire,BUA,E06000054,E06000054,E99999999,51.4792,-1.61983,523700
Wiltshire,Wiltshire,LOC,E06000054,E06000054,E99999999,51.4788,-1.621,523700
Wiltshire,Wiltshire,PAR,E06000054,E06000054,E99999999,51.501,-1.71287,523700
Wiltshire,Wiltshire,PAR,E06000054,E06000054,E99999999,51.4846,-1.65139,523700
"East Riding of Yorkshire","East Riding of Yorkshire",BUA,E06000011,E06000011,E99999999,53.8288,-0.11303,355884
"East Riding of Yorkshire","East Riding of Yorkshire",LOC,E06000011,E06000011,E99999999,53.8297,-0.112731,355884
"East Riding of Yorkshire","East Riding of Yorkshire",PAR,E06000011,E06000011,E99999999,53.827,-0.122731,355884
Dacorum,Dacorum,WD,E07000096,E07000096,E10000015,51.7796,-0.632334,161420
Dacorum,Dacorum,BUA,E07000096,E07000096,E10000015,51.8017,-0.601658,161420
Dacorum,Dacorum,LOC,E07000096,E07000096,E10000015,51.8021,-0.602094,161420
Dacorum,Dacorum,PAR,E07000096,E07000096,E10000015,51.8159,-0.623154,161420
Dacorum,Dacorum,PAR,E07000096,E07000096,E10000015,51.8017,-0.608763,161420
Lancaster,Lancaster,PAR,E07000121,E07000121,E10000017,54.0319,-2.82466,145006
Lancaster,Lancaster,LOC,E07000121,E07000121,E10000017,54.0337,-2.81879,145006
"East Suffolk","East Suffolk",WD,E07000244,E07000244,E10000029,52.2007,1.55222,249664
"East Suffolk","East Suffolk",CED,E07000244,E07000244,E10000029,52.1959,1.58536,249664
"East Suffolk","East Suffolk",BUA,E07000244,E07000244,E10000029,52.1609,1.58451,249664
"East Suffolk","East Suffolk",LOC,E07000244,E07000244,E10000029,52.152,1.6014,249664
"East Suffolk","East Suffolk",PAR,E07000244,E07000244,E10000029,52.1619,1.58769,249664
"South Norfolk","South Norfolk",LOC,E07000149,E07000149,E10000020,52.486,1.60763,148448
"South Norfolk","South Norfolk",PAR,E07000149,E07000149,E10000020,52.4951,1.60755,148448
"South Norfolk","South Norfolk",PAR,E07000149,E07000149,E10000020,52.4679,1.62722,148448
Hertsmere,Hertsmere,WD,E07000098,E07000098,E10000015,51.678,-0.308915,110212
Hertsmere,Hertsmere,WD,E07000098,E07000098,E10000015,51.6728,-0.33877,110212
Hertsmere,Hertsmere,LOC,E07000098,E07000098,E10000015,51.6733,-0.353534,110212
Hertsmere,Hertsmere,PAR,E07000098,E07000098,E10000015,51.6765,-0.329146,110212
Salford,Salford,LOC,E08000006,E08000006,E11000001,53.495,-2.37771,294348
Rossendale,Rossendale,LOC,E07000125,E07000125,E10000017,53.7083,-2.28312,73045
"East Staffordshire","East Staffordshire",LOC,E07000193,E07000193,E10000028,52.8228,-1.6723,129659
Oldham,Oldham,LOC,E08000004,E08000004,E11000001,53.5402,-2.13426,251560
"West Devon","West Devon",LOC,E07000047,E07000047,E10000008,50.6644,-4.16066,58923
Wealden,Wealden,LOC,E07000065,E07000065,E10000011,51.0409,0.168937,166908
Wiltshire,Wiltshire,WD,E06000054,E06000054,E99999999,51.0474,-1.68844,523700
Wiltshire,Wiltshire,WD,E06000054,E06000054,E99999999,50.9945,-1.67185,523700
Wiltshire,Wiltshire,LOC,E06000054,E06000054,E99999999,51.0426,-1.73172,523700
Wiltshire,Wiltshire,PAR,E06000054,E06000054,E99999999,51.0369,-1.73028,523700
"Amber Valley","Amber Valley",PAR,E07000032,E07000032,E10000007,53.0297,-1.33998,130451
"Amber Valley","Amber Valley",LOC,E07000032,E07000032,E10000007,53.025,-1.33471,130451
Torridge,Torridge,LOC,E07000046,E07000046,E10000008,50.8622,-4.40285,69841
Broadland,Broadland,LOC,E07000144,E07000144,E10000020,52.7239,1.14605,138157
"North Devon","North Devon",LOC,E07000043,E07000043,E10000008,51.2154,-3.77257,101222
Broadland,Broadland,PAR,E07000144,E07000144,E10000020,52.7251,1.14035,138157
Dorset,Dorset,BUA,E06000059,E06000059,E99999999,50.9119,-1.83083,389947
"New Forest","New Forest",BUA,E07000091,E07000091,E10000014,50.9115,-1.82012,176116
Dorset,Dorset,LOC,E06000059,E06000059,E99999999,50.9115,-1.8378,389947
Dorset,Dorset,PAR,E06000059,E06000059,E99999999,50.9113,-1.84857,389947
"Cheshire East","Cheshire East",BUA,E06000049,E06000049,E99999999,53.3008,-2.23282,421298
"Cheshire East","Cheshire East",LOC,E06000049,E06000049,E99999999,53.3016,-2.23617,421298
"Cheshire East","Cheshire East",PAR,E06000049,E06000049,E99999999,53.3038,-2.23273,421298
"Cheshire East","Cheshire East",WD,E06000049,E06000049,E99999999,53.3038,-2.23273,421298
Stroud,Stroud,LOC,E07000082,E07000082,E10000013,51.6169,-2.33598,125680
Stroud,Stroud,PAR,E07000082,E07000082,E10000013,51.6161,-2.32688,125680
Coventry,Coventry,LOC,E08000026,E08000026,E11000005,52.4473,-1.4769,369026
"Basingstoke and Deane","Basingstoke and Deane",LOC,E07000084,E07000084,E10000014,51.3645,-1.11194,193110
"West Berkshire","West Berkshire",BUA,E06000037,E06000037,E99999999,51.4052,-1.14563,165112
"West Berkshire","West Berkshire",BUA,E06000037,E06000037,E99999999,51.3831,-1.15279,165112
"West Berkshire","West Berkshire",LOC,E06000037,E06000037,E99999999,51.3818,-1.15168,165112
"Basingstoke and Deane","Basingstoke and Deane",PAR,E07000084,E07000084,E10000014,51.3572,-1.13953,193110
"West Berkshire","West Berkshire",PAR,E06000037,E06000037,E99999999,51.3768,-1.14185,165112
"West Berkshire","West Berkshire",WD,E06000037,E06000037,E99999999,51.377,-1.16509,165112
"West Berkshire","West Berkshire",WD,E06000037,E06000037,E99999999,51.4129,-1.13387,165112
"Stratford on Avon",Stratford-on-Avon,BUA,E07000221,E07000221,E10000031,52.1355,-1.66419,146258
"Stratford on Avon",Stratford-on-Avon,LOC,E07000221,E07000221,E10000031,52.1365,-1.66386,146258
"Stratford on Avon",Stratford-on-Avon,PAR,E07000221,E07000221,E10000031,52.1453,-1.65217,146258
Southampton,Southampton,LOC,E06000045,E06000045,E99999999,50.9353,-1.43925,259424
"Bournemouth, Christchurch and Poole","Bournemouth, Christchurch and Poole",WD,E06000058,E06000058,E99999999,50.7431,-1.92302,408967
"Bournemouth, Christchurch and Poole","Bournemouth, Christchurch and Poole",WD,E06000058,E06000058,E99999999,50.7319,-1.9219,408967
"Bournemouth, Christchurch and Poole","Bournemouth, Christchurch and Poole",LOC,E06000058,E06000058,E99999999,50.75,-1.9376,408967
"Bournemouth, Christchurch and Poole","Bournemouth, Christchurch and Poole",LOC,E06000058,E06000058,E99999999,50.7503,-1.94284,408967
"High Peak","High Peak",LOC,E07000037,E07000037,E10000007,53.3458,-1.93012,91959
Tamworth,Tamworth,LOC,E07000199,E07000199,E10000028,52.6394,-1.71682,81117
"East Staffordshire","East Staffordshire",LOC,E07000193,E07000193,E10000028,52.9467,-1.86751,129659
Redbridge,Redbridge,LOC,E09000026,E09000026,E13000002,51.5652,0.028569,321231
"Cheshire West and Chester","Cheshire West and Chester",LOC,E06000050,E06000050,E99999999,53.1052,-2.80556,371652
"Cheshire West and Chester","Cheshire West and Chester",LOC,E06000050,E06000050,E99999999,53.0994,-2.80905,371652
"Cheshire West and Chester","Cheshire West and Chester",PAR,E06000050,E06000050,E99999999,53.1013,-2.80889,371652
Lichfield,Lichfield,LOC,E07000194,E07000194,E10000028,52.6645,-1.84737,111932
Rushmoor,Rushmoor,CED,E07000092,E07000092,E10000014,51.2552,-0.787173,105751
Rushmoor,Rushmoor,WD,E07000092,E07000092,E10000014,51.2369,-0.74637,105751
Rushmoor,Rushmoor,CED,E07000092,E07000092,E10000014,51.2407,-0.750651,105751
Guildford,Guildford,BUA,E07000209,E07000209,E10000030,51.2406,-0.73753,151359
Rushmoor,Rushmoor,BUA,E07000092,E07000092,E10000014,51.2477,-0.756165,105751
Waverley,Waverley,BUA,E07000216,E07000216,E10000030,51.2388,-0.771719,134284
Rushmoor,Rushmoor,LOC,E07000092,E07000092,E10000014,51.2495,-0.757705,105751
Wolverhampton,Wolverhampton,LOC,E08000031,E08000031,E11000005,52.608,-2.16167,281251
"East Suffolk","East Suffolk",BUA,E07000244,E07000244,E10000029,52.0244,1.41586,249664
Tewkesbury,Tewkesbury,BUA,E07000083,E07000083,E10000013,51.9976,-2.001,101949
Tewkesbury,Tewkesbury,LOC,E07000083,E07000083,E10000013,51.9885,-2.00019,101949
Shropshire,Shropshire,LOC,E06000051,E06000051,E99999999,52.8113,-2.7529,332455
"West Northamptonshire","West Northamptonshire",LOC,E06000062,E06000062,E99999999,52.1152,-0.925834,439811
Wiltshire,Wiltshire,LOC,E06000054,E06000054,E99999999,51.5451,-2.23459,523700
"East Suffolk","East Suffolk",PAR,E07000244,E07000244,E10000029,52.0248,1.40915,249664
Tewkesbury,Tewkesbury,PAR,E07000083,E07000083,E10000013,51.9891,-2.00608,101949
"West Northamptonshire","West Northamptonshire",PAR,E06000062,E06000062,E99999999,52.1186,-0.917719,439811
"Amber Valley","Amber Valley",LOC,E07000032,E07000032,E10000007,53.0785,-1.52873,130451
"Amber Valley","Amber Valley",PAR,E07000032,E07000032,E10000007,53.0667,-1.51153,130451
"Cheshire West and Chester","Cheshire West and Chester",PAR,E06000050,E06000050,E99999999,53.1257,-2.85743,371652
"Cheshire West and Chester","Cheshire West and Chester",PAR,E06000050,E06000050,E99999999,53.1524,-2.83336,371652
Rutland,Rutland,LOC,E06000017,E06000017,E99999999,52.6273,-0.54456,41443
Colchester,Colchester,LOC,E07000071,E07000071,E10000012,51.8978,0.7861,200222
Colchester,Colchester,PAR,E07000071,E07000071,E10000012,51.897,0.777081,200222
Arun,Arun,LOC,E07000224,E07000224,E10000032,50.8406,-0.687156,170064
Arun,Arun,PAR,E07000224,E07000224,E10000032,50.837,-0.672287,170064
Arun,Arun,PAR,E07000224,E07000224,E10000032,50.8611,-0.671262,170064
Arun,Arun,PAR,E07000224,E07000224,E10000032,50.8108,-0.667694,170064
Chichester,Chichester,PAR,E07000225,E07000225,E10000032,50.8667,-0.651166,128934
Ashford,Ashford,LOC,E07000105,E07000105,E10000016,51.0946,0.918413,140936
Ashford,Ashford,BUA,E07000105,E07000105,E10000016,51.0889,0.941476,140936
Ashford,Ashford,LOC,E07000105,E07000105,E10000016,51.088,0.939764,140936
Wychavon,Wychavon,LOC,E07000238,E07000238,E10000034,52.095,-1.90853,138017
Wychavon,Wychavon,PAR,E07000238,E07000238,E10000034,52.0985,-1.91651,138017
Ashford,Ashford,PAR,E07000105,E07000105,E10000016,51.0996,0.926654,140936
Ashford,Ashford,PAR,E07000105,E07000105,E10000016,51.0881,0.955106,140936
Shropshire,Shropshire,LOC,E06000051,E06000051,E99999999,52.4106,-2.82957,332455
"East Suffolk","East Suffolk",LOC,E07000244,E07000244,E10000029,52.3841,1.47314,249664
"East Cambridgeshire","East Cambridgeshire",LOC,E07000009,E07000009,E10000003,52.3405,0.119662,92906
Walsall,Walsall,WD,E08000030,E08000030,E11000005,52.5995,-1.91525,295678
Walsall,Walsall,WD,E08000030,E08000030,E11000005,52.6292,-1.92432,295678
Walsall,Walsall,BUA,E08000030,E08000030,E11000005,52.6055,-1.92271,295678
Walsall,Walsall,LOC,E08000030,E08000030,E11000005,52.6013,-1.92024,295678
"East Suffolk","East Suffolk",PAR,E07000244,E07000244,E10000029,52.1889,1.59729,249664
"East Suffolk","East Suffolk",LOC,E07000244,E07000244,E10000029,52.1945,1.57908,249664
"Brighton and Hove","Brighton and Hove",LOC,E06000043,E06000043,E99999999,50.8302,-0.196028,283870
Chichester,Chichester,LOC,E07000225,E07000225,E10000032,50.8729,-0.913429,128934
Cotswold,Cotswold,PAR,E07000079,E07000079,E10000013,51.7946,-1.77145,91661
"Derbyshire Dales","Derbyshire Dales",LOC,E07000035,E07000035,E10000007,53.1127,-1.65937,71757
"Derbyshire Dales","Derbyshire Dales",PAR,E07000035,E07000035,E10000007,53.1186,-1.6661,71757
"Derbyshire Dales","Derbyshire Dales",PAR,E07000035,E07000035,E10000007,53.1105,-1.65162,71757
Rotherham,Rotherham,LOC,E08000018,E08000018,E11000003,53.448,-1.32164,276595
Arun,Arun,LOC,E07000224,E07000224,E10000032,50.7758,-0.720514,170064
Arun,Arun,WD,E07000224,E07000224,E10000032,50.7821,-0.702866,170064
Arun,Arun,WD,E07000224,E07000224,E10000032,50.7813,-0.719004,170064
"North Somerset","North Somerset",LOC,E06000024,E06000024,E99999999,51.3472,-2.72924,224578
Arun,Arun,PAR,E07000224,E07000224,E10000032,50.7817,-0.71075,170064
"North Northamptonshire","North Northamptonshire",BUA,E06000061,E06000061,E99999999,52.4256,-0.522314,373871
"North Northamptonshire","North Northamptonshire",LOC,E06000061,E06000061,E99999999,52.4257,-0.523397,373871
"North Northamptonshire","North Northamptonshire",PAR,E06000061,E06000061,E99999999,52.4311,-0.539323,373871
"West Berkshire","West Berkshire",LOC,E06000037,E06000037,E99999999,51.5131,-1.2012,165112
"South Oxfordshire","South Oxfordshire",PAR,E07000179,E07000179,E10000025,51.5369,-1.20835,156470
"West Berkshire","West Berkshire",PAR,E06000037,E06000037,E99999999,51.5088,-1.20479,165112
Camden,Camden,LOC,E09000007,E09000007,E13000001,51.5213,-0.116812,216943
"North Norfolk","North Norfolk",LOC,E07000147,E07000147,E10000020,52.843,0.893281,103217
Haringey,Haringey,LOC,E09000014,E09000014,E13000001,51.5938,-0.127383,263850
Manchester,Manchester,LOC,E08000003,E08000003,E11000001,53.4497,-2.25519,589670
Nottingham,Nottingham,LOC,E06000018,E06000018,E99999999,52.9718,-1.14075,331077
Haringey,Haringey,WD,E09000014,E09000014,E13000001,51.5986,-0.132907,263850
Ipswich,Ipswich,WD,E07000202,E07000202,E10000029,52.0557,1.15504,140274
"Kingston upon Thames","Kingston upon Thames",WD,E09000021,E09000021,E13000002,51.3838,-0.275259,172692
Oldham,Oldham,WD,E08000004,E08000004,E11000001,53.5285,-2.09164,251560
"Central Bedfordshire","Central Bedfordshire",LOC,E06000056,E06000056,E99999999,51.8547,-0.450991,315877
Torridge,Torridge,LOC,E07000046,E07000046,E10000008,50.8799,-4.42936,69841
"East Devon","East Devon",LOC,E07000040,E07000040,E10000008,50.7734,-3.25936,158239
Chichester,Chichester,LOC,E07000225,E07000225,E10000032,51.0896,-0.520873,128934
Waverley,Waverley,BUA,E07000216,E07000216,E10000030,51.1161,-0.532527,134284
Waverley,Waverley,LOC,E07000216,E07000216,E10000030,51.108,-0.515084,134284
Waverley,Waverley,WD,E07000216,E07000216,E10000030,51.1052,-0.486635,134284
Waverley,Waverley,LOC,E07000216,E07000216,E10000030,51.0957,-0.518794,134284
Waverley,Waverley,PAR,E07000216,E07000216,E10000030,51.1077,-0.523382,134284
"East Lindsey","East Lindsey",CED,E07000137,E07000137,E10000019,53.277,0.219575,145183
"East Lindsey","East Lindsey",BUA,E07000137,E07000137,E10000019,53.2581,0.175639,145183
"East Lindsey","East Lindsey",LOC,E07000137,E07000137,E10000019,53.2615,0.179353,145183
"East Lindsey","East Lindsey",PAR,E07000137,E07000137,E10000019,53.2608,0.174005,145183
"East Lindsey","East Lindsey",WD,E07000137,E07000137,E10000019,53.2703,0.239189,145183
Bromsgrove,Bromsgrove,LOC,E07000234,E07000234,E10000034,52.3534,-2.08586,101685
"Amber Valley","Amber Valley",CED,E07000032,E07000032,E10000007,53.0777,-1.37343,130451
"Amber Valley","Amber Valley",BUA,E07000032,E07000032,E10000007,53.0971,-1.38082,130451
Bolsover,Bolsover,BUA,E07000033,E07000033,E10000007,53.1035,-1.3716,83773
"North East Derbyshire","North East Derbyshire",BUA,E07000038,E07000038,E10000007,53.1071,-1.3842,106646
"Amber Valley","Amber Valley",LOC,E07000032,E07000032,E10000007,53.0975,-1.38761,130451
"Amber Valley","Amber Valley",PAR,E07000032,E07000032,E10000007,53.0979,-1.38678,130451
"Amber Valley","Amber Valley",WD,E07000032,E07000032,E10000007,53.0979,-1.38678,130451
"Malvern Hills","Malvern Hills",LOC,E07000235,E07000235,E10000034,52.1665,-2.37718,83227
"Malvern Hills","Malvern Hills",WD,E07000235,E07000235,E10000034,52.1738,-2.36462,83227
"Malvern Hills","Malvern Hills",LOC,E07000235,E07000235,E10000034,52.1762,-2.36918,83227
"Malvern Hills","Malvern Hills",PAR,E07000235,E07000235,E10000034,52.1704,-2.37191,83227
Wealden,Wealden,BUA,E07000065,E07000065,E10000011,50.8081,0.15383,166908
Wealden,Wealden,LOC,E07000065,E07000065,E10000011,50.809,0.155834,166908
Wealden,Wealden,PAR,E07000065,E07000065,E10000011,50.8058,0.135728,166908
Boston,Boston,LOC,E07000136,E07000136,E10000019,52.8995,-0.0799,71080
Boston,Boston,PAR,E07000136,E07000136,E10000019,52.8996,-0.042931,71080
"South Holland","South Holland",PAR,E07000140,E07000140,E10000019,52.8644,-0.07016,99298
"Barking and Dagenham","Barking and Dagenham",WD,E09000002,E09000002,E13000002,51.5455,0.148301,232747
"East Hampshire","East Hampshire",LOC,E07000085,E07000085,E10000014,51.1782,-0.8509,129975
"North East Derbyshire","North East Derbyshire",LOC,E07000038,E07000038,E10000007,53.1887,-1.4986,106646
"North Lincolnshire","North Lincolnshire",BUA,E06000013,E06000013,E99999999,53.6869,-0.66193,171336
"North Lincolnshire","North Lincolnshire",LOC,E06000013,E06000013,E99999999,53.6873,-0.662187,171336
"North Lincolnshire","North Lincolnshire",PAR,E06000013,E06000013,E99999999,53.6842,-0.669556,171336
Cherwell,Cherwell,LOC,E07000177,E07000177,E10000025,52.081,-1.44909,170426
Stroud,Stroud,LOC,E07000082,E07000082,E10000013,51.7459,-2.33022,125680
Dover,Dover,WD,E07000108,E07000108,E10000016,51.1239,1.22554,119768
Dover,Dover,LOC,E07000108,E07000108,E10000016,51.1291,1.21223,119768
Dover,Dover,BUA,E07000108,E07000108,E10000016,51.1352,1.22393,119768
Dover,Dover,LOC,E07000108,E07000108,E10000016,51.1357,1.22401,119768
Dover,Dover,PAR,E07000108,E07000108,E10000016,51.1346,1.21539,119768
Pendle,Pendle,LOC,E07000122,E07000122,E10000017,53.8619,-2.18547,99777
Shropshire,Shropshire,LOC,E06000051,E06000051,E99999999,52.9632,-2.6872,332455
Shropshire,Shropshire,LOC,E06000051,E06000051,E99999999,52.9458,-2.70241,332455
Stroud,Stroud,PAR,E07000082,E07000082,E10000013,51.6675,-2.42726,125680
"Derbyshire Dales","Derbyshire Dales",LOC,E07000035,E07000035,E10000007,52.9439,-1.72372,71757
"Derbyshire Dales","Derbyshire Dales",PAR,E07000035,E07000035,E10000007,52.9341,-1.70865,71757
"South Derbyshire","South Derbyshire",PAR,E07000039,E07000039,E10000007,52.9226,-1.70412,117493
Rochdale,Rochdale,LOC,E08000005,E08000005,E11000001,53.5371,-2.20502,235561
Wiltshire,Wiltshire,BUA,E06000054,E06000054,E99999999,51.3552,-1.89862,523700
Wiltshire,Wiltshire,LOC,E06000054,E06000054,E99999999,51.3565,-1.89744,523700
Wiltshire,Wiltshire,PAR,E06000054,E06000054,E99999999,51.3573,-1.90192,523700
Breckland,Breckland,WD,E07000143,E07000143,E10000020,52.4929,0.878601,146620
Breckland,Breckland,WD,E07000143,E07000143,E10000020,52.5347,0.968966,146620
Cheltenham,Cheltenham,CED,E07000078,E07000078,E10000013,51.9054,-2.05426,121739
Cheltenham,Cheltenham,CED,E07000078,E07000078,E10000013,51.9106,-2.05406,121739
"East Suffolk","East Suffolk",PAR,E07000244,E07000244,E10000029,52.3916,1.42463,249664
"East Suffolk","East Suffolk",LOC,E07000244,E07000244,E10000029,52.3908,1.43974,249664
Birmingham,Birmingham,LOC,E08000025,E08000025,E11000005,52.4929,-1.92279,1183618
"East Devon","East Devon",PAR,E07000040,E07000040,E10000008,50.8093,-2.985,158239
Cheltenham,Cheltenham,WD,E07000078,E07000078,E10000013,51.8984,-2.06461,121739
Shropshire,Shropshire,BUA,E06000051,E06000051,E99999999,52.5536,-2.79713,332455
Shropshire,Shropshire,LOC,E06000051,E06000051,E99999999,52.5537,-2.7948,332455
Shropshire,Shropshire,PAR,E06000051,E06000051,E99999999,52.5685,-2.80962,332455
"South Hams","South Hams",LOC,E07000044,E07000044,E10000008,50.3711,-3.67056,92148
Thanet,Thanet,LOC,E07000114,E07000114,E10000016,51.3481,1.3324,142691
"Forest of Dean","Forest of Dean",LOC,E07000080,E07000080,E10000013,51.7439,-2.5211,89753
"Forest of Dean","Forest of Dean",LOC,E07000080,E07000080,E10000013,51.7321,-2.52487,89753
Eastleigh,Eastleigh,LOC,E07000086,E07000086,E10000014,50.9901,-1.35026,142933
Eastleigh,Eastleigh,PAR,E07000086,E07000086,E10000014,50.9903,-1.3532,142933
"North Warwickshire","North Warwickshire",LOC,E07000218,E07000218,E10000031,52.567,-1.7558,67117
Ashfield,Ashfield,LOC,E07000170,E07000170,E10000024,53.0681,-1.30449,129572
"East Hertfordshire","East Hertfordshire",LOC,E07000242,E07000242,E10000015,51.8316,0.114542,156875
Northumberland,Northumberland,BUA,E06000057,E06000057,E99999999,54.8977,-2.25123,331420
Northumberland,Northumberland,PAR,E06000057,E06000057,E99999999,54.8625,-2.25065,331420
"New Forest","New Forest",LOC,E07000091,E07000091,E10000014,50.9633,-1.88164,176116
"New Forest","New Forest",LOC,E07000091,E07000091,E10000014,50.9571,-1.87581,176116
Northumberland,Northumberland,LOC,E06000057,E06000057,E99999999,54.8031,-2.21387,331420
Birmingham,Birmingham,WD,E08000025,E08000025,E11000005,52.4138,-1.97993,1183618
Northumberland,Northumberland,LOC,E06000057,E06000057,E99999999,54.8473,-1.87958,331420
Derby,Derby,LOC,E06000015,E06000015,E99999999,52.8864,-1.45231,274149
Teignbridge,Teignbridge,LOC,E07000045,E07000045,E10000008,50.5171,-3.58402,138548
Dorset,Dorset,LOC,E06000059,E06000059,E99999999,50.8258,-2.33094,389947
"Mid Devon","Mid Devon",LOC,E07000042,E07000042,E10000008,50.8518,-3.34884,84993
Teignbridge,Teignbridge,LOC,E07000045,E07000045,E10000008,50.509,-3.58375,138548
"East Devon","East Devon",BUA,E07000040,E07000040,E10000008,50.7433,-3.33566,158239
"East Devon","East Devon",LOC,E07000040,E07000040,E10000008,50.7426,-3.35066,158239
"North Devon","North Devon",LOC,E07000043,E07000043,E10000008,51.0373,-3.8563,101222
Northumberland,Northumberland,LOC,E06000057,E06000057,E99999999,55.7198,-2.04549,331420
Gateshead,Gateshead,LOC,E08000037,E08000037,E11000007,54.9194,-1.60619,202760
Gateshead,Gateshead,LOC,E08000037,E08000037,E11000007,54.9224,-1.59898,202760
Gateshead,Gateshead,LOC,E08000037,E08000037,E11000007,54.9224,-1.59898,202760
"East Riding of Yorkshire","East Riding of Yorkshire",LOC,E06000011,E06000011,E99999999,53.916,-0.809068,355884
"East Riding of Yorkshire","East Riding of Yorkshire",PAR,E06000011,E06000011,E99999999,53.9144,-0.821157,355884
Leeds,Leeds,BUA,E08000035,E08000035,E11000006,53.7493,-1.37443,845189
Leeds,Leeds,LOC,E08000035,E08000035,E11000006,53.7426,-1.3624,845189
Leeds,Leeds,PAR,E08000035,E08000035,E11000006,53.7475,-1.36869,845189
Liverpool,Liverpool,WD,E08000012,E08000012,E11000002,53.3606,-2.87252,508961
Leeds,Leeds,LOC,E08000035,E08000035,E11000006,53.8306,-1.54263,845189
Leeds,Leeds,LOC,E08000035,E08000035,E11000006,53.8454,-1.52651,845189
Bradford,Bradford,LOC,E08000032,E08000032,E11000006,53.8037,-1.81943,563605
Liverpool,Liverpool,LOC,E08000012,E08000012,E11000002,53.3676,-2.88516,508961
Wychavon,Wychavon,LOC,E07000238,E07000238,E10000034,52.119,-2.09344,138017
Coventry,Coventry,LOC,E08000026,E08000026,E11000005,52.4209,-1.57406,369026
Coventry,Coventry,LOC,E08000026,E08000026,E11000005,52.4304,-1.56933,369026
Coventry,Coventry,PAR,E08000026,E08000026,E11000005,52.4394,-1.58253,369026
Derby,Derby,LOC,E06000015,E06000015,E99999999,52.9518,-1.48795,274149
Derby,Derby,WD,E06000015,E06000015,E99999999,52.9502,-1.49217,274149
Cornwall,Cornwall,LOC,E06000052,E06000052,E99999999,50.2964,-5.09743,583289
Harborough,Harborough,LOC,E07000131,E07000131,E10000018,52.5954,-0.792989,104713
Harborough,Harborough,PAR,E07000131,E07000131,E10000018,52.5882,-0.798147,104713
Hyndburn,Hyndburn,LOC,E07000120,E07000120,E10000017,53.7514,-2.39138,86058
Shropshire,Shropshire,LOC,E06000051,E06000051,E99999999,52.6599,-2.73566,332455
"Cheshire East","Cheshire East",LOC,E06000049,E06000049,E99999999,53.2007,-2.04413,421298
Medway,Medway,LOC,E06000035,E06000035,E99999999,51.4734,0.652254,292655
Medway,Medway,BUA,E06000035,E06000035,E99999999,51.4747,0.650732,292655
Medway,Medway,LOC,E06000035,E06000035,E99999999,51.4698,0.645475,292655
Medway,Medway,PAR,E06000035,E06000035,E99999999,51.4804,0.647144,292655
Stafford,Stafford,LOC,E07000197,E07000197,E10000028,52.7702,-2.21711,141556
"South Hams","South Hams",WD,E07000044,E07000044,E10000008,50.3033,-3.70931,92148
"South Kesteven","South Kesteven",LOC,E07000141,E07000141,E10000019,52.9533,-0.728792,147151
Wiltshire,Wiltshire,LOC,E06000054,E06000054,E99999999,51.47,-2.15111,523700
"South Hams","South Hams",LOC,E07000044,E07000044,E10000008,50.2364,-3.69109,92148
Dorset,Dorset,LOC,E06000059,E06000059,E99999999,50.7343,-2.76814,389947
"South Kesteven","South Kesteven",BUA,E07000141,E07000141,E10000019,52.9529,-0.725735,147151
Eastleigh,Eastleigh,LOC,E07000086,E07000086,E10000014,50.9522,-1.31875,142933
Maidstone,Maidstone,LOC,E07000110,E07000110,E10000016,51.293,0.506972,187767
Wiltshire,Wiltshire,LOC,E06000054,E06000054,E99999999,51.4785,-2.1562,523700
Wiltshire,Wiltshire,LOC,E06000054,E06000054,E99999999,51.3658,-1.90617,523700
Dorset,Dorset,PAR,E06000059,E06000059,E99999999,50.7463,-2.76909,389947
"South Kesteven","South Kesteven",PAR,E07000141,E07000141,E10000019,52.9549,-0.727359,147151
Wiltshire,Wiltshire,PAR,E06000054,E06000054,E99999999,51.1446,-1.69976,523700
Maidstone,Maidstone,WD,E07000110,E07000110,E10000016,51.2858,0.496895,187767
"East Riding of Yorkshire","East Riding of Yorkshire",LOC,E06000011,E06000011,E99999999,54.0073,-0.247176,355884
Broadland,Broadland,LOC,E07000144,E07000144,E10000020,52.7642,1.24535,138157
"Cheshire East","Cheshire East",LOC,E06000049,E06000049,E99999999,53.1972,-2.03365,421298
"Cheshire West and Chester","Cheshire West and Chester",BUA,E06000050,E06000050,E99999999,53.2367,-2.38711,371652
"Cheshire West and Chester","Cheshire West and Chester",LOC,E06000050,E06000050,E99999999,53.2368,-2.38648,371652
"Cheshire West and Chester","Cheshire West and Chester",PAR,E06000050,E06000050,E99999999,53.2416,-2.38733,371652
"North Tyneside","North Tyneside",LOC,E08000022,E08000022,E11000007,55.0272,-1.50877,215025
"Telford and Wrekin","Telford and Wrekin",BUA,E06000020,E06000020,E99999999,52.7095,-2.58204,195952
Shropshire,Shropshire,LOC,E06000051,E06000051,E99999999,52.5628,-2.38662,332455
"Telford and Wrekin","Telford and Wrekin",LOC,E06000020,E06000020,E99999999,52.7123,-2.57386,195952
"New Forest","New Forest",LOC,E07000091,E07000091,E10000014,50.8619,-1.60433,176116
Broxtowe,Broxtowe,LOC,E07000172,E07000172,E10000024,53.0038,-1.26604,114565
"South Kesteven","South Kesteven",LOC,E07000141,E07000141,E10000019,52.9065,-0.605257,147151
Manchester,Manchester,LOC,E08000003,E08000003,E11000001,53.4413,-2.19342,589670
Ashfield,Ashfield,LOC,E07000170,E07000170,E10000024,53.0654,-1.29782,129572
"North East Derbyshire","North East Derbyshire",LOC,E07000038,E07000038,E10000007,53.3023,-1.46876,106646
Dorset,Dorset,LOC,E06000059,E06000059,E99999999,50.7906,-2.12155,389947
Doncaster,Doncaster,LOC,E08000017,E08000017,E11000003,53.5675,-1.10985,319765
"Newcastle under Lyme",Newcastle-under-Lyme,LOC,E07000195,E07000195,E10000028,52.9088,-2.44308,127727
Torridge,Torridge,LOC,E07000046,E07000046,E10000008,50.9566,-4.35388,69841
Torridge,Torridge,LOC,E07000046,E07000046,E10000008,50.9596,-4.35604,69841
Torridge,Torridge,LOC,E07000046,E07000046,E10000008,50.957,-4.35477,69841
Chichester,Chichester,BUA,E07000225,E07000225,E10000032,50.7749,-0.830573,128934
Chichester,Chichester,LOC,E07000225,E07000225,E10000032,50.7727,-0.827819,128934
Wigan,Wigan,LOC,E08000010,E08000010,E11000001,53.5918,-2.68814,344922
Kirklees,Kirklees,LOC,E08000034,E08000034,E11000006,53.6272,-1.74594,447847
Kirklees,Kirklees,LOC,E08000034,E08000034,E11000006,53.6375,-1.74739,447847
Kirklees,Kirklees,WD,E08000034,E08000034,E11000006,53.6367,-1.7379,447847
Kirklees,Kirklees,WD,E08000034,E08000034,E11000006,53.6314,-1.69902,447847
"South Gloucestershire","South Gloucestershire",BUA,E06000025,E06000025,E99999999,51.552,-2.57896,306332
"South Gloucestershire","South Gloucestershire",LOC,E06000025,E06000025,E99999999,51.5545,-2.57374,306332
"South Gloucestershire","South Gloucestershire",PAR,E06000025,E06000025,E99999999,51.532,-2.62726,306332
"North Hertfordshire","North Hertfordshire",LOC,E07000099,E07000099,E10000015,51.9125,-0.246467,137201
"North Hertfordshire","North Hertfordshire",LOC,E07000099,E07000099,E10000015,51.9193,-0.262052,137201
Waverley,Waverley,LOC,E07000216,E07000216,E10000030,51.0857,-0.691423,134284
Braintree,Braintree,LOC,E07000067,E07000067,E10000012,51.9702,0.557129,164304
"Stratford on Avon",Stratford-on-Avon,LOC,E07000221,E07000221,E10000031,52.2312,-1.83905,146258
"Stratford on Avon",Stratford-on-Avon,LOC,E07000221,E07000221,E10000031,52.2494,-1.79622,146258
Gloucester,Gloucester,LOC,E07000081,E07000081,E10000013,51.8699,-2.2617,138598
Northumberland,Northumberland,LOC,E06000057,E06000057,E99999999,55.392,-2.00825,331420
Northumberland,Northumberland,PAR,E06000057,E06000057,E99999999,55.4178,-2.07268,331420
Northumberland,Northumberland,PAR,E06000057,E06000057,E99999999,55.3949,-1.98636,331420
Northumberland,Northumberland,LOC,E06000057,E06000057,E99999999,55.3896,-1.61283,331420
Northumberland,Northumberland,PAR,E06000057,E06000057,E99999999,55.3734,-1.62686,331420
Northumberland,Northumberland,BUA,E06000057,E06000057,E99999999,55.4077,-1.70138,331420
Northumberland,Northumberland,LOC,E06000057,E06000057,E99999999,55.4117,-1.70562,331420
Northumberland,Northumberland,PAR,E06000057,E06000057,E99999999,55.4091,-1.69211,331420
Northumberland,Northumberland,WD,E06000057,E06000057,E99999999,55.404,-1.70637,331420
Brent,Brent,LOC,E09000005,E09000005,E13000002,51.5411,-0.296977,352976
Brent,Brent,WD,E09000005,E09000005,E13000002,51.5404,-0.294494,352976
Rotherham,Rotherham,LOC,E08000018,E08000018,E11000003,53.4328,-1.32791,276595
Braintree,Braintree,LOC,E07000067,E07000067,E10000012,51.9848,0.731985,164304
Braintree,Braintree,PAR,E07000067,E07000067,E10000012,51.9794,0.726993,164304
Exeter,Exeter,CED,E07000041,E07000041,E10000008,50.7045,-3.53506,138399
Exeter,Exeter,LOC,E07000041,E07000041,E10000008,50.7039,-3.5379,138399
Exeter,Exeter,LOC,E07000041,E07000041,E10000008,50.7006,-3.53921,138399
Exeter,Exeter,WD,E07000041,E07000041,E10000008,50.7022,-3.53094,138399
"South Norfolk","South Norfolk",BUA,E07000149,E07000149,E10000020,52.5688,1.38145,148448
"South Norfolk","South Norfolk",LOC,E07000149,E07000149,E10000020,52.5615,1.38605,148448
"South Norfolk","South Norfolk",PAR,E07000149,E07000149,E10000020,52.563,1.38263,148448
"Amber Valley","Amber Valley",LOC,E07000032,E07000032,E10000007,53.0609,-1.54754,130451
"Amber Valley","Amber Valley",CED,E07000032,E07000032,E10000007,53.0239,-1.53597,130451
"Amber Valley","Amber Valley",CED,E07000032,E07000032,E10000007,53.0336,-1.48985,130451
"Derbyshire Dales","Derbyshire Dales",LOC,E07000035,E07000035,E10000007,53.1771,-1.66931,71757
"Amber Valley","Amber Valley",WD,E07000032,E07000032,E10000007,53.0549,-1.53065,130451
"Cheshire East","Cheshire East",BUA,E06000049,E06000049,E99999999,53.1308,-2.61994,421298
"Cheshire East","Cheshire East",LOC,E06000049,E06000049,E99999999,53.1312,-2.61908,421298
"Cheshire East","Cheshire East",PAR,E06000049,E06000049,E99999999,53.1381,-2.61824,421298
Tendring,Tendring,WD,E07000076,E07000076,E10000012,51.8395,1.03718,156759
Winchester,Winchester,WD,E07000094,E07000094,E10000014,51.073,-1.2394,135632
Winchester,Winchester,WD,E07000094,E07000094,E10000014,51.1142,-1.17925,135632
Winchester,Winchester,WD,E07000094,E07000094,E10000014,51.0785,-1.12741,135632
Winchester,Winchester,WD,E07000094,E07000094,E10000014,51.061,-1.11508,135632
Tendring,Tendring,BUA,E07000076,E07000076,E10000012,51.854,0.998381,156759
Winchester,Winchester,LOC,E07000094,E07000094,E10000014,51.0978,-1.16595,135632
Tendring,Tendring,PAR,E07000076,E07000076,E10000012,51.8479,0.998209,156759
Lichfield,Lichfield,WD,E07000194,E07000194,E10000028,52.7227,-1.76762,111932
Lichfield,Lichfield,LOC,E07000194,E07000194,E10000028,52.73,-1.79694,111932
Lichfield,Lichfield,BUA,E07000194,E07000194,E10000028,52.7322,-1.74797,111932
Lichfield,Lichfield,LOC,E07000194,E07000194,E10000028,52.7327,-1.74938,111932
Lichfield,Lichfield,PAR,E07000194,E07000194,E10000028,52.7319,-1.74047,111932
"Cheshire East","Cheshire East",BUA,E06000049,E06000049,E99999999,53.0959,-2.3091,421298
"Newcastle under Lyme",Newcastle-under-Lyme,BUA,E07000195,E07000195,E10000028,53.0796,-2.28204,127727
"Cheshire East","Cheshire East",LOC,E06000049,E06000049,E99999999,53.0961,-2.30474,421298
"Cheshire East","Cheshire East",PAR,E06000049,E06000049,E99999999,53.0938,-2.30834,421298
"Cheshire East","Cheshire East",WD,E06000049,E06000049,E99999999,53.0938,-2.30834,421298
"Newcastle under Lyme",Newcastle-under-Lyme,LOC,E07000195,E07000195,E10000028,53.033,-2.28926,127727
Buckinghamshire,Buckinghamshire,LOC,E06000060,E06000060,E99999999,51.7323,-0.83835,578772
Cornwall,Cornwall,LOC,E06000052,E06000052,E99999999,50.0696,-5.64328,583289
"Derbyshire Dales","Derbyshire Dales",LOC,E07000035,E07000035,E10000007,53.0929,-1.76104,71757
"Ribble Valley","Ribble Valley",WD,E07000124,E07000124,E10000017,53.8122,-2.58831,65794
"Ribble Valley","Ribble Valley",LOC,E07000124,E07000124,E10000017,53.8053,-2.59825,65794
Northumberland,Northumberland,PAR,E06000057,E06000057,E99999999,54.8096,-2.50784,331420
"East Devon","East Devon",LOC,E07000040,E07000040,E10000008,50.8187,-2.98659,158239
Cheltenham,Cheltenham,LOC,E07000078,E07000078,E10000013,51.9032,-2.09445,121739
Tewkesbury,Tewkesbury,LOC,E07000083,E07000083,E10000013,52.0008,-2.03347,101949
Cheltenham,Cheltenham,LOC,E07000078,E07000078,E10000013,51.9037,-2.0959,121739
Stafford,Stafford,LOC,E07000197,E07000197,E10000028,52.7639,-2.20152,141556
Tewkesbury,Tewkesbury,LOC,E07000083,E07000083,E10000013,51.9914,-2.024,101949
"Staffordshire Moorlands","Staffordshire Moorlands",LOC,E07000198,E07000198,E10000028,53.0983,-1.80738,96651
"Staffordshire Moorlands","Staffordshire Moorlands",PAR,E07000198,E07000198,E10000028,53.1075,-1.81416,96651
"North Devon","North Devon",LOC,E07000043,E07000043,E10000008,50.9852,-3.8196,101222
Tameside,Tameside,LOC,E08000008,E08000008,E11000001,53.5142,-2.08517,239643
Oldham,Oldham,LOC,E08000004,E08000004,E11000001,53.5241,-2.08368,251560
Cornwall,Cornwall,WD,E06000052,E06000052,E99999999,50.5818,-4.4282,583289
Cornwall,Cornwall,WD,E06000052,E06000052,E99999999,50.6202,-4.30735,583289
Cornwall,Cornwall,LOC,E06000052,E06000052,E99999999,50.604,-4.51229,583289
Cornwall,Cornwall,PAR,E06000052,E06000052,E99999999,50.5904,-4.53935,583289
Burnley,Burnley,BUA,E07000117,E07000117,E10000017,53.79,-2.33757,99233
Hyndburn,Hyndburn,BUA,E07000120,E07000120,E10000017,53.7891,-2.34699,86058
Hyndburn,Hyndburn,LOC,E07000120,E07000120,E10000017,53.7896,-2.34733,86058
Hyndburn,Hyndburn,PAR,E07000120,E07000120,E10000017,53.7811,-2.35628,86058
Hyndburn,Hyndburn,WD,E07000120,E07000120,E10000017,53.7806,-2.36246,86058
Maldon,Maldon,BUA,E07000074,E07000074,E10000012,51.6572,0.76052,69131
Maldon,Maldon,LOC,E07000074,E07000074,E10000012,51.6574,0.765481,69131
Maldon,Maldon,PAR,E07000074,E07000074,E10000012,51.6526,0.763802,69131
Maldon,Maldon,WD,E07000074,E07000074,E10000012,51.6599,0.738779,69131
"West Northamptonshire","West Northamptonshire",PAR,E06000062,E06000062,E99999999,52.2815,-0.999994,439811
"North Lincolnshire","North Lincolnshire",BUA,E06000013,E06000013,E99999999,53.578,-0.740513,171336
Wakefield,Wakefield,WD,E08000036,E08000036,E11000006,53.7174,-1.38155,367666
Wakefield,Wakefield,LOC,E08000036,E08000036,E11000006,53.7157,-1.41796,367666
Wakefield,Wakefield,LOC,E08000036,E08000036,E11000006,53.7086,-1.43806,367666
"East Hampshire","East Hampshire",BUA,E07000085,E07000085,E10000014,51.15,-0.975247,129975
"East Staffordshire","East Staffordshire",BUA,E07000193,E07000193,E10000028,52.9717,-1.89711,129659
"Staffordshire Moorlands","Staffordshire Moorlands",BUA,E07000198,E07000198,E10000028,52.9755,-1.89338,96651
"East Hampshire","East Hampshire",WD,E07000085,E07000085,E10000014,51.1542,-0.991069,129975
"East Hampshire","East Hampshire",WD,E07000085,E07000085,E10000014,51.1349,-0.974296,129975
"East Hampshire","East Hampshire",WD,E07000085,E07000085,E10000014,51.1411,-0.969684,129975
Wiltshire,Wiltshire,LOC,E06000054,E06000054,E99999999,51.3576,-1.85247,523700
"East Hampshire","East Hampshire",WD,E07000085,E07000085,E10000014,51.1539,-0.97173,129975
"East Hampshire","East Hampshire",WD,E07000085,E07000085,E10000014,51.1641,-0.950435,129975
Dorset,Dorset,LOC,E06000059,E06000059,E99999999,50.8193,-2.42673,389947
Dorset,Dorset,PAR,E06000059,E06000059,E99999999,50.821,-2.43122,389947
Tendring,Tendring,LOC,E07000076,E07000076,E10000012,51.7868,1.13333,156759
Wiltshire,Wiltshire,LOC,E06000054,E06000054,E99999999,51.359,-1.84026,523700
"East Hampshire","East Hampshire",CED,E07000085,E07000085,E10000014,51.1449,-1.13092,129975
"East Hampshire","East Hampshire",CED,E07000085,E07000085,E10000014,51.1381,-1.1264,129975
"East Hampshire","East Hampshire",CED,E07000085,E07000085,E10000014,51.143,-1.05544,129975
"East Hampshire","East Hampshire",CED,E07000085,E07000085,E10000014,51.1262,-0.923186,129975
"Staffordshire Moorlands","Staffordshire Moorlands",LOC,E07000198,E07000198,E10000028,52.9851,-1.89242,96651
"East Hampshire","East Hampshire",CED,E07000085,E07000085,E10000014,51.1349,-0.974296,129975
"East Hampshire","East Hampshire",CED,E07000085,E07000085,E10000014,51.1536,-0.970277,129975
"East Hampshire","East Hampshire",WD,E07000085,E07000085,E10000014,51.1479,-0.978354,129975
"East Hampshire","East Hampshire",WD,E07000085,E07000085,E10000014,51.1424,-0.989811,129975
"East Hampshire","East Hampshire",WD,E07000085,E07000085,E10000014,51.1617,-0.973344,129975
"North East Derbyshire","North East Derbyshire",LOC,E07000038,E07000038,E10000007,53.1741,-1.46062,106646
Wiltshire,Wiltshire,LOC,E06000054,E06000054,E99999999,51.2194,-1.78347,523700
"Staffordshire Moorlands","Staffordshire Moorlands",PAR,E07000198,E07000198,E10000028,52.9779,-1.92298,96651
Wiltshire,Wiltshire,PAR,E06000054,E06000054,E99999999,51.3672,-1.83269,523700
"East Hampshire","East Hampshire",PAR,E07000085,E07000085,E10000014,51.1349,-0.974296,129975
"East Hampshire","East Hampshire",PAR,E07000085,E07000085,E10000014,51.1536,-0.970277,129975
"Staffordshire Moorlands","Staffordshire Moorlands",WD,E07000198,E07000198,E10000028,52.988,-1.89939,96651
Manchester,Manchester,BUA,E08000003,E08000003,E11000001,53.3959,-2.30424,589670
Trafford,Trafford,BUA,E08000009,E08000009,E11000001,53.3939,-2.35928,241025
Trafford,Trafford,LOC,E08000009,E08000009,E11000001,53.3888,-2.33452,241025
Trafford,Trafford,WD,E08000009,E08000009,E11000001,53.3909,-2.35257,241025
"Isle of Wight","Isle of Wight",LOC,E06000046,E06000046,E99999999,50.6712,-1.56821,141660
"Bournemouth, Christchurch and Poole","Bournemouth, Christchurch and Poole",LOC,E06000058,E06000058,E99999999,50.7144,-1.90399,408967
Birmingham,Birmingham,LOC,E08000025,E08000025,E11000005,52.4855,-1.82752,1183618
Birmingham,Birmingham,WD,E08000025,E08000025,E11000005,52.4892,-1.85129,1183618
"Cheshire West and Chester","Cheshire West and Chester",LOC,E06000050,E06000050,E99999999,53.2615,-2.75601,371652
"Cheshire West and Chester","Cheshire West and Chester",PAR,E06000050,E06000050,E99999999,53.2587,-2.753,371652
"Cheshire East","Cheshire East",LOC,E06000049,E06000049,E99999999,53.0871,-2.5009,421298
Derby,Derby,LOC,E06000015,E06000015,E99999999,52.8998,-1.4239,274149
Derby,Derby,WD,E06000015,E06000015,E99999999,52.9049,-1.44861,274149
Bromsgrove,Bromsgrove,CED,E07000234,E07000234,E10000034,52.354,-1.92005,101685
Bromsgrove,Bromsgrove,WD,E07000234,E07000234,E10000034,52.339,-1.91447,101685
Bromsgrove,Bromsgrove,WD,E07000234,E07000234,E10000034,52.3546,-1.96927,101685
Bromsgrove,Bromsgrove,BUA,E07000234,E07000234,E10000034,52.3517,-1.96394,101685
Bromsgrove,Bromsgrove,LOC,E07000234,E07000234,E10000034,52.3517,-1.95956,101685
Bromsgrove,Bromsgrove,PAR,E07000234,E07000234,E10000034,52.3585,-1.94462,101685
"North Warwickshire","North Warwickshire",LOC,E07000218,E07000218,E10000031,52.6389,-1.63401,67117
Wiltshire,Wiltshire,LOC,E06000054,E06000054,E99999999,51.0101,-2.03473,523700
Wiltshire,Wiltshire,PAR,E06000054,E06000054,E99999999,51.0071,-2.04462,523700
Wiltshire,Wiltshire,PAR,E06000054,E06000054,E99999999,51.0243,-2.03582,523700
Shropshire,Shropshire,WD,E06000051,E06000051,E99999999,52.4995,-2.32623,332455
Shropshire,Shropshire,BUA,E06000051,E06000051,E99999999,52.4596,-2.34648,332455
Shropshire,Shropshire,LOC,E06000051,E06000051,E99999999,52.4571,-2.35441,332455
Shropshire,Shropshire,PAR,E06000051,E06000051,E99999999,52.4606,-2.3558,332455
"South Staffordshire","South Staffordshire",PAR,E07000196,E07000196,E10000028,52.474,-2.29586,114423
Torridge,Torridge,LOC,E07000046,E07000046,E10000008,51.0064,-4.11251,69841
"North Devon","North Devon",PAR,E07000043,E07000043,E10000008,51.0055,-4.09401,101222
Torridge,Torridge,PAR,E07000046,E07000046,E10000008,51.0097,-4.1425,69841
Gosport,Gosport,LOC,E07000088,E07000088,E10000014,50.788,-1.1475,82921
Gosport,Gosport,WD,E07000088,E07000088,E10000014,50.786,-1.15951,82921
"Isle of Wight","Isle of Wight",BUA,E06000046,E06000046,E99999999,50.6656,-1.18946,141660
"Isle of Wight","Isle of Wight",LOC,E06000046,E06000046,E99999999,50.6671,-1.18209,141660
Wakefield,Wakefield,LOC,E08000036,E08000036,E11000006,53.6906,-1.52916,367666
Cornwall,Cornwall,LOC,E06000052,E06000052,E99999999,50.1166,-5.54891,583289
"Newark and Sherwood","Newark and Sherwood",PAR,E07000175,E07000175,E10000024,52.9668,-0.820535,127886
"Newark and Sherwood","Newark and Sherwood",PAR,E07000175,E07000175,E10000024,52.9596,-0.811857,127886
"West Oxfordshire","West Oxfordshire",WD,E07000181,E07000181,E10000025,51.7393,-1.6513,120941
